Fe,C,Cr,Ni,Mn,Si,N,Mo,Co,P,S,Cu,W,Al,Ti,Ce,Nb,vol% sigma phase formed,Temperature(c),Onset Time(hrs),e_tot,e_tot_eV,CNT_feature
68.504,0.016,22.2,5.7,0,0.44,0.16,2.98,0,0,0,0,0,0,0,0,0,1.0,700.0,0.1,-509.7757149176791,-3.182020012516153e+21,1.4653743692856842e+22
68.504,0.016,22.2,5.7,0,0.44,0.16,2.98,0,0,0,0,0,0,0,0,0,5.0,700.0,1.0,-393.2246376391504,-2.454508188143577e+21,1.1303427929302448e+22
68.504,0.016,22.2,5.7,0,0.44,0.16,2.98,0,0,0,0,0,0,0,0,0,12.0,700.0,3.0,-469.3542377283408,-2.9297091519003036e+21,1.3491809239947733e+22
68.504,0.016,22.2,5.7,0,0.44,0.16,2.98,0,0,0,0,0,0,0,0,0,25.0,700.0,5.0,-492.1436719191824,-3.071960800119537e+21,1.4146902289234612e+22
68.504,0.016,22.2,5.7,0,0.44,0.16,2.98,0,0,0,0,0,0,0,0,0,38.0,700.0,10.0,-445.14146770397383,-2.7785730414082046e+21,1.2795801729883317e+22
68.504,0.016,22.2,5.7,0,0.44,0.16,2.98,0,0,0,0,0,0,0,0,0,48.0,700.0,100.0,-436.5723775089614,-2.725084780410937e+21,1.254947918503835e+22
68.504,0.016,22.2,5.7,0,0.44,0.16,2.98,0,0,0,0,0,0,0,0,0,52.0,700.0,1000.0,-467.15981624513927,-2.916011573002159e+21,1.342872955798578e+22
68.504,0.016,22.2,5.7,0,0.44,0.16,2.98,0,0,0,0,0,0,0,0,0,15.0,700.0,0.8,-433.4323723505849,-2.705484868212351e+21,1.2459218253733438e+22
68.504,0.016,22.2,5.7,0,0.44,0.16,2.98,0,0,0,0,0,0,0,0,0,38.0,700.0,8.0,-455.74827727848316,-2.844780746772292e+21,1.3100699480708696e+22
68.504,0.016,22.2,5.7,0,0.44,0.16,2.98,0,0,0,0,0,0,0,0,0,40.0,700.0,100.0,-405.8238506724724,-2.533152475897573e+21,1.1665598258565419e+22
68.504,0.016,22.2,5.7,0,0.44,0.16,2.98,0,0,0,0,0,0,0,0,0,400.0,700.0,200.0,-479.1859113895317,-2.991078458893457e+21,1.3774425342847354e+22
68.504,0.016,22.2,5.7,0,0.44,0.16,2.98,0,0,0,0,0,0,0,0,0,37.0,700.0,1000.0,-430.15909092463704,-2.6850530455515845e+21,1.236512623317068e+22
66.48,0.016,22.39,5.7,1.43,0.39,0.178,3.19,0,0.022,0.001,0.2,0,0,0.001,0.002,0,1.2,750.0,0.5,-484.09851201307976,-3.0217429119856437e+21,1.3915640367997121e+22
66.483,0.016,22.39,5.7,1.43,0.39,0.178,3.19,0,0.022,0.001,0.2,0,0,0,0,0,2.5,750.0,1.0,-461.9874189796064,-2.883725469270703e+21,1.3280046555659957e+22
66.483,0.016,22.39,5.7,1.43,0.39,0.178,3.19,0,0.022,0.001,0.2,0,0,0,0,0,6.5,750.0,3.0,-425.5755047078909,-2.656442300386655e+21,1.2233368882538244e+22
66.483,0.016,22.39,5.7,1.43,0.39,0.178,3.19,0,0.022,0.001,0.2,0,0,0,0,0,9.1,750.0,5.0,-371.45742375336016,-2.3186372390684742e+21,1.0677719085479878e+22
66.483,0.016,22.39,5.7,1.43,0.39,0.178,3.19,0,0.022,0.001,0.2,0,0,0,0,0,12.9,750.0,10.0,-437.4944290641718,-2.73084022621856e+21,1.2575983992478687e+22
66.483,0.016,22.39,5.7,1.43,0.39,0.178,3.19,0,0.022,0.001,0.2,0,0,0,0,0,16.3,750.0,20.0,-448.5290670029788,-2.7997184362325937e+21,1.2893179871699541e+22
66.483,0.016,22.39,5.7,1.43,0.39,0.178,3.19,0,0.022,0.001,0.2,0,0,0,0,0,18.7,750.0,40.0,-449.8693212873552,-2.8080843034756713e+21,1.2931706114107297e+22
66.483,0.016,22.39,5.7,1.43,0.39,0.178,3.19,0,0.022,0.001,0.2,0,0,0,0,0,19.2,750.0,50.0,-474.4568375357011,-2.9615595798978463e+21,1.3638485881372977e+22
66.483,0.016,22.39,5.7,1.43,0.39,0.178,3.19,0,0.022,0.001,0.2,0,0,0,0,0,19.5,750.0,100.0,-365.72276300015653,-2.282841486646977e+21,1.051287355364339e+22
66.483,0.016,22.39,5.7,1.43,0.39,0.178,3.19,0,0.022,0.001,0.2,0,0,0,0,0,3.1,800.0,0.5,-457.3326665915783,-2.8546705048646315e+21,1.3146243499822173e+22
66.483,0.016,22.39,5.7,1.43,0.39,0.178,3.19,0,0.022,0.001,0.2,0,0,0,0,0,5.7,800.0,1.0,-461.5339364222056,-2.8808948311474076e+21,1.3267010985367236e+22
66.483,0.016,22.39,5.7,1.43,0.39,0.178,3.19,0,0.022,0.001,0.2,0,0,0,0,0,11.6,800.0,3.0,-444.78437541389263,-2.7763440713335177e+21,1.278553694334991e+22
66.483,0.016,22.39,5.7,1.43,0.39,0.178,3.19,0,0.022,0.001,0.2,0,0,0,0,0,14.0,800.0,5.0,-413.2401300932665,-2.579444892042169e+21,1.1878782713231867e+22
66.483,0.016,22.39,5.7,1.43,0.39,0.178,3.19,0,0.022,0.001,0.2,0,0,0,0,0,17.1,800.0,10.0,-470.56919578322334,-2.93729292007888e+21,1.352673378306116e+22
66.483,0.016,22.39,5.7,1.43,0.39,0.178,3.19,0,0.022,0.001,0.2,0,0,0,0,0,19.0,800.0,20.0,-389.5120166429372,-2.431334007885214e+21,1.1196706885291922e+22
66.483,0.016,22.39,5.7,1.43,0.39,0.178,3.19,0,0.022,0.001,0.2,0,0,0,0,0,19.0,800.0,40.0,-404.42940968192414,-2.5244483752345705e+21,1.162551439369632e+22
66.483,0.016,22.39,5.7,1.43,0.39,0.178,3.19,0,0.022,0.001,0.2,0,0,0,0,0,19.0,800.0,50.0,-463.4978282347195,-2.8931534438411194e+21,1.3323463983065893e+22
66.483,0.016,22.39,5.7,1.43,0.39,0.178,3.19,0,0.022,0.001,0.2,0,0,0,0,0,19.0,800.0,100.0,-381.22319433001405,-2.3795951790079476e+21,1.0958440773088394e+22
66.483,0.016,22.39,5.7,1.43,0.39,0.178,3.19,0,0.022,0.001,0.2,0,0,0,0,0,5.8,850.0,0.5,-433.1763104937054,-2.703886530101709e+21,1.245185763471918e+22
66.483,0.016,22.39,5.7,1.43,0.39,0.178,3.19,0,0.022,0.001,0.2,0,0,0,0,0,9.1,850.0,1.0,-411.48227467072724,-2.5684723584946793e+21,1.1828252328874213e+22
66.483,0.016,22.39,5.7,1.43,0.39,0.178,3.19,0,0.022,0.001,0.2,0,0,0,0,0,15.0,850.0,3.0,-384.5618104452038,-2.400434820798962e+21,1.1054410870151046e+22
66.483,0.016,22.39,5.7,1.43,0.39,0.178,3.19,0,0.022,0.001,0.2,0,0,0,0,0,17.0,850.0,5.0,-492.0482541058681,-3.0713652021288286e+21,1.4144159459124967e+22
66.483,0.016,22.39,5.7,1.43,0.39,0.178,3.19,0,0.022,0.001,0.2,0,0,0,0,0,18.8,850.0,10.0,-515.7859799002321,-3.2195360865372487e+21,1.4826511598434111e+22
66.483,0.016,22.39,5.7,1.43,0.39,0.178,3.19,0,0.022,0.001,0.2,0,0,0,0,0,19.0,850.0,20.0,-467.952512763549,-2.9209595846700727e+21,1.3451515993798776e+22
66.483,0.016,22.39,5.7,1.43,0.39,0.178,3.19,0,0.022,0.001,0.2,0,0,0,0,0,19.0,850.0,40.0,-412.28867491097844,-2.5735059087943276e+21,1.1851432684643825e+22
66.483,0.016,22.39,5.7,1.43,0.39,0.178,3.19,0,0.022,0.001,0.2,0,0,0,0,0,19.0,850.0,50.0,-477.4334968039775,-2.9801398870504275e+21,1.3724051357918546e+22
66.483,0.016,22.39,5.7,1.43,0.39,0.178,3.19,0,0.022,0.001,0.2,0,0,0,0,0,19.0,850.0,100.0,-457.12351511993916,-2.85336498137866e+21,1.314023134198747e+22
52.0,0,48.0,0,0.8,0,0,5,0,0.03,0.03,0,0,0,0,0,0,5.0,850.0,0.5,-688.6850679532293,-4.2987721941640576e+21,1.9796577544918926e+22
52.0,0,48.0,0,0.8,0,0,5,0,0.03,0.03,0,0,0,0,0,0,25.0,750.0,5.0,-684.3955389496325,-4.271996954123606e+21,1.9673273007761963e+22
52.0,0,48.0,0,0.8,0,0,5,0,0.03,0.03,0,0,0,0,0,0,50.0,700.0,50.0,-690.4603175158367,-4.3098533019338523e+21,1.9847607932048107e+22
66.14,0,19.0,9,0.8,0,0,5,0,0.03,0.03,0,0,0,0,0,0,5.0,900.0,1.0,-703.9001064119416,-4.3937444642233395e+21,2.0233941011491543e+22
66.14,0,19.0,9,0.8,0,0,5,0,0.03,0.03,0,0,0,0,0,0,30.0,800.0,10.0,-714.4011845602994,-4.459292194025389e+21,2.053579946253514e+22
66.14,0,19.0,9,0.8,0,0,5,0,0.03,0.03,0,0,0,0,0,0,50.0,700.0,100.0,-702.8123070179458,-4.386954420406018e+21,2.020267170414246e+22
57.14,0,24.0,13,0.8,0,0,5,0,0.03,0.03,0,0,0,0,0,0,5.0,850.0,0.8,-714.5925587723369,-4.460486751856927e+21,2.054130060464638e+22
57.14,0,24.0,13,0.8,0,0,5,0,0.03,0.03,0,0,0,0,0,0,30.0,750.0,8.0,-711.7993691732989,-4.443051662379732e+21,2.0461009050395967e+22
57.14,0,24.0,13,0.8,0,0,5,0,0.03,0.03,0,0,0,0,0,0,50.0,700.0,80.0,-713.7240790583302,-4.455065701482097e+21,2.051633574508347e+22
47.14,0,25.0,22,0.8,0,0,5,0,0.03,0.03,0,0,0,0,0,0,5.0,880.0,0.6,-707.5629504284642,-4.4166079365744736e+21,2.0339231192711147e+22
47.14,0,25.0,22,0.8,0,0,5,0,0.03,0.03,0,0,0,0,0,0,30.0,780.0,6.0,-712.225611568097,-4.445712267408061e+21,2.047326158934912e+22
47.14,0,25.0,22,0.8,0,0,5,0,0.03,0.03,0,0,0,0,0,0,50.0,700.0,60.0,-705.53351099317,-4.403940175619367e+21,2.0280893997637465e+22
68.11,0,18.0,11,0.8,0,0.03,2,0,0.03,0.03,0,0,0,0,0,0,5.0,890.0,2.0,-714.6451816968228,-4.4608152241515675e+21,2.0542813275464583e+22
68.0,0,18.0,11,0.8,0,0.14,2,0,0.03,0.03,0,0,0,0,0,0,10.0,870.0,1.0,-699.1264731346439,-4.363947445306447e+21,2.0096720668344147e+22
64.14,0,20.0,10,0.8,0,0,5,0,0.03,0.03,0,0,0,0,0,0,5.0,860.0,0.7,-707.7871801632803,-4.4180075785791954e+21,2.034567678234235e+22
64.14,0,20.0,10,0.8,0,0,5,0,0.03,0.03,0,0,0,0,0,0,10.0,850.0,3.0,-704.3541825297946,-4.3965788073509776e+21,2.02469936439598e+22
64.14,0,20.0,10,0.8,0,0,5,0,0.03,0.03,0,0,0,0,0,0,50.0,700.0,50.0,-707.1752026729313,-4.414187615084437e+21,2.0328085200344726e+22
65.14,0,22.0,9,0.8,0,0,3,0,0.03,0.03,0,0,0,0,0,0,5.0,880.0,1.0,-697.5808140313188,-4.354299441183492e+21,2.0052289967402823e+22
65.14,0,22.0,9,0.8,0,0,3,0,0.03,0.03,0,0,0,0,0,0,50.0,700.0,70.0,-707.9769119834002,-4.419191884600384e+21,2.035113071312221e+22
59.73,0,26.03,6.67,0.94,0,0.4,4.93,1.3,0,0,0,0,0,0,0,0,1.0,950.0,1.0,-711.5521381799874,-4.4415084465194816e+21,2.0453902278725797e+22
59.73,0,26.03,6.67,0.94,0,0.4,4.93,1.3,0,0,0,0,0,0,0,0,1.0,900.0,1.0,-710.2247076898329,-4.433222625399937e+21,2.041574466233964e+22
59.73,0,26.03,6.67,0.94,0,0.4,4.93,1.3,0,0,0,0,0,0,0,0,1.0,850.0,1.0,-713.1464743859839,-4.451460293117311e+21,2.0499732225973648e+22
59.73,0,26.03,6.67,0.94,0,0.4,4.93,1.3,0,0,0,0,0,0,0,0,1.0,800.0,2.5,-716.777446567706,-4.474124821475621e+21,2.060410623624882e+22
59.73,0,26.03,6.67,0.94,0,0.4,4.93,1.3,0,0,0,0,0,0,0,0,5.0,950.0,1.5,-710.0812842761408,-4.4323273764516706e+21,2.0411621888574047e+22
59.73,0,26.03,6.67,0.94,0,0.4,4.93,1.3,0,0,0,0,0,0,0,0,5.0,900.0,2.0,-702.9919828158105,-4.388075956736289e+21,2.0207836569813125e+22
59.73,0,26.03,6.67,0.94,0,0.4,4.93,1.3,0,0,0,0,0,0,0,0,5.0,850.0,3.0,-706.0574528687617,-4.407210620806811e+21,2.029595495430959e+22
59.73,0,26.03,6.67,0.94,0,0.4,4.93,1.3,0,0,0,0,0,0,0,0,5.0,800.0,4.0,-707.5830008060492,-4.416733091031359e+21,2.033980755028464e+22
59.73,0,26.03,6.67,0.94,0,0.4,4.93,1.3,0,0,0,0,0,0,0,0,10.0,950.0,2.0,-707.2045003557865,-4.4143704912208194e+21,2.0328927376075722e+22
59.73,0,26.03,6.67,0.94,0,0.4,4.93,1.3,0,0,0,0,0,0,0,0,10.0,900.0,2.0,-708.2208467209911,-4.420714525232426e+21,2.035814273236487e+22
59.73,0,26.03,6.67,0.94,0,0.4,4.93,1.3,0,0,0,0,0,0,0,0,10.0,850.0,3.5,-721.7742486976172,-4.5053148603705265e+21,2.0747741673467446e+22
59.73,0,26.03,6.67,0.94,0,0.4,4.93,1.3,0,0,0,0,0,0,0,0,10.0,800.0,6.0,-704.9712425772943,-4.400430496167471e+21,2.026473132646322e+22
59.73,0,26.03,6.67,0.94,0,0.4,4.93,1.3,0,0,0,0,0,0,0,0,15.0,950.0,2.0,-705.6568291031208,-4.40470992726168e+21,2.0284438834951263e+22
59.73,0,26.03,6.67,0.94,0,0.4,4.93,1.3,0,0,0,0,0,0,0,0,15.0,900.0,3.0,-714.3980021416346,-4.4592723293680834e+21,2.0535707982407563e+22
59.73,0,26.03,6.67,0.94,0,0.4,4.93,1.3,0,0,0,0,0,0,0,0,15.0,850.0,5.0,-707.6463929388365,-4.417128784724217e+21,2.0341629787081774e+22
59.73,0,26.03,6.67,0.94,0,0.4,4.93,1.3,0,0,0,0,0,0,0,0,15.0,800.0,8.0,-697.5460213121619,-4.3540822650305144e+21,2.005128983425802e+22
59.73,0,26.03,6.67,0.94,0,0.4,4.93,1.3,0,0,0,0,0,0,0,0,20.0,950.0,3.0,-707.2176944914074,-4.414452849015365e+21,2.0329306647735745e+22
59.73,0,26.03,6.67,0.94,0,0.4,4.93,1.3,0,0,0,0,0,0,0,0,20.0,900.0,5.0,-731.6575873005801,-4.567006659930221e+21,2.1031842909519704e+22
59.73,0,26.03,6.67,0.94,0,0.4,4.93,1.3,0,0,0,0,0,0,0,0,20.0,850.0,7.5,-722.1571805652927,-4.507705121088557e+21,2.075874923086286e+22
59.73,0,26.03,6.67,0.94,0,0.4,4.93,1.3,0,0,0,0,0,0,0,0,20.0,800.0,15.0,-704.9581902406294,-4.400349023482009e+21,2.0264356130881156e+22
51.71,0.03,23.0,10,1,1,0.2,3,0,0.03,0.03,0,0,0,0,0,0,0.1,900.0,0.0,-394.6209961708497,-2.463224258098444e+21,2.5952657801411864e+20
51.71,0.03,23.0,10,1,1,0.2,3,0,0.03,0.03,0,0,0,0,0,0,0.15,875.0,0.0,-526.0923483500527,-3.283868438401029e+21,5.3369078322046514e+20
51.71,0.03,23.0,10,1,1,0.2,3,0,0.03,0.03,0,0,0,0,0,0,0.2,850.0,0.0,-444.89246354925325,-2.7770187574744386e+21,6.196738276090203e+20
51.71,0.03,23.0,10,1,1,0.2,3,0,0.03,0.03,0,0,0,0,0,0,0.3,825.0,0.0,-404.93768745416037,-2.527621045088869e+21,9.015390945554327e+20
51.71,0.03,23.0,10,1,1,0.2,3,0,0.03,0.03,0,0,0,0,0,0,0.5,800.0,0.0,-530.5310675952494,-3.311574923929547e+21,2.2954088217347807e+21
51.71,0.03,23.0,10,1,1,0.2,3,0,0.03,0.03,0,0,0,0,0,0,0.7,775.0,0.0,-470.9634717392124,-2.939753990596164e+21,3.5393838560864245e+21
51.71,0.03,23.0,10,1,1,0.2,3,0,0.03,0.03,0,0,0,0,0,0,0.85,750.0,0.0,-410.83263976484375,-2.564417337412155e+21,4.865007380392439e+21
51.71,0.03,23.0,10,1,1,0.2,3,0,0.03,0.03,0,0,0,0,0,0,0.95,725.0,0.0,-392.75163666636763,-2.451555716071467e+21,7.344204579051056e+21
51.71,0.03,23.0,10,1,1,0.2,3,0,0.03,0.03,0,0,0,0,0,0,0.02,900.0,0.0,-455.2890939227468,-2.841914524265786e+21,5.741436735514925e+19
51.71,0.03,23.0,10,1,1,0.2,3,0,0.03,0.03,0,0,0,0,0,0,0.04,875.0,0.0,-438.5569103356865,-2.737472234315355e+21,1.1174907654857209e+20
51.71,0.03,23.0,10,1,1,0.2,3,0,0.03,0.03,0,0,0,0,0,0,0.06,850.0,0.0,-498.06116109022213,-3.1088977675251666e+21,1.923643044838807e+20
51.71,0.03,23.0,10,1,1,0.2,3,0,0.03,0.03,0,0,0,0,0,0,0.1,825.0,0.0,-418.447690468756,-2.611950483905975e+21,2.751964498570424e+20
51.71,0.03,23.0,10,1,1,0.2,3,0,0.03,0.03,0,0,0,0,0,0,0.05,1400.0,0.0,-408.54386407370845,-2.550130799548088e+21,1.308046098279798e+20
51.71,0.03,23.0,10,1,1,0.2,3,0,0.03,0.03,0,0,0,0,0,0,0.1,1375.0,0.0,-429.1154545458156,-2.678538667274981e+21,2.8221221519351877e+20
51.71,0.03,23.0,10,1,1,0.2,3,0,0.03,0.03,0,0,0,0,0,0,0.2,1350.0,0.0,-376.43310620053484,-2.3496954489037385e+21,5.243193869752164e+20
51.71,0.03,23.0,10,1,1,0.2,3,0,0.03,0.03,0,0,0,0,0,0,0.4,1325.0,0.0,-434.96156079839375,-2.715030062503574e+21,1.3869069252218048e+21
51.71,0.03,23.0,10,1,1,0.2,3,0,0.03,0.03,0,0,0,0,0,0,0.01,1450.0,0.0,-408.07238082197483,-2.5471878010907667e+21,2.560009288290405e+19
51.71,0.03,23.0,10,1,1,0.2,3,0,0.03,0.03,0,0,0,0,0,0,0.1,1475.0,0.0,-451.42568725982755,-2.8177991398758437e+21,2.9688477039749825e+20
51.71,0.03,23.0,10,1,1,0.2,3,0,0.03,0.03,0,0,0,0,0,0,1.0,1500.0,0.0,-505.5319474271417,-3.1555304158402183e+21,1.4531754592005976e+22
51.71,0.03,23.0,10,1,1,0.2,3,0,0.03,0.03,0,0,0,0,0,0,0.99,1400.0,0.0,-409.2423128686857,-2.5544905169263363e+21,1.176386356893847e+22
60.0,0.03,25.0,7,1,1,0.2,4,0,0,0,2,0.5,0,0,0,0,0.0,900.0,0.01,-437.3176393149935,-2.7297367046041895e+21,-0.0
60.0,0.03,25.0,7,1,1,0.2,4,0,0,0,2,0.5,0,0,0,0,0.0,875.0,0.02,-458.3918177776655,-2.861281726568188e+21,-0.0
60.0,0.03,25.0,7,1,1,0.2,4,0,0,0,2,0.5,0,0,0,0,0.0,850.0,0.05,-478.4393969262167,-2.9864187156134447e+21,-0.0
60.0,0.03,25.0,7,1,1,0.2,4,0,0,0,2,0.5,0,0,0,0,0.0,825.0,0.1,-517.5824367939088,-3.230749570467578e+21,-0.0
60.0,0.03,25.0,7,1,1,0.2,4,0,0,0,2,0.5,0,0,0,0,0.0,800.0,0.3,-468.71517102389805,-2.9257200975311714e+21,-0.0
60.0,0.03,25.0,7,1,1,0.2,4,0,0,0,2,0.5,0,0,0,0,0.0,775.0,0.5,-440.4639780503076,-2.74937615099002e+21,-0.0
60.0,0.03,25.0,7,1,1,0.2,4,0,0,0,2,0.5,0,0,0,0,0.0,750.0,0.7,-434.6491876324909,-2.7130802292020085e+21,-0.0
60.0,0.03,25.0,7,1,1,0.2,4,0,0,0,2,0.5,0,0,0,0,0.0,725.0,0.85,-424.46816756915115,-2.6495303019666415e+21,-0.0
60.0,0.03,25.0,7,1,1,0.2,4,0,0,0,2,0.5,0,0,0,0,0.0,900.0,0.02,-449.33874126795456,-2.8047724229945726e+21,-0.0
60.0,0.03,25.0,7,1,1,0.2,4,0,0,0,2,0.5,0,0,0,0,0.0,875.0,0.04,-418.11972170502924,-2.6099033028827923e+21,-0.0
60.0,0.03,25.0,7,1,1,0.2,4,0,0,0,2,0.5,0,0,0,0,0.0,850.0,0.07,-427.9493793188666,-2.671260025708365e+21,-0.0
60.0,0.03,25.0,7,1,1,0.2,4,0,0,0,2,0.5,0,0,0,0,0.0,825.0,0.15,-387.21355889571026,-2.4169870346270236e+21,-0.0
60.0,0.03,25.0,7,1,1,0.2,4,0,0,0,2,0.5,0,0,0,0,0.0,800.0,0.35,-457.87207993286023,-2.858037522940914e+21,-0.0
60.0,0.03,25.0,7,1,1,0.2,4,0,0,0,2,0.5,0,0,0,0,0.0,775.0,0.55,-436.47011168657644,-2.72444643714761e+21,-0.0
60.0,0.03,25.0,7,1,1,0.2,4,0,0,0,2,0.5,0,0,0,0,0.0,750.0,0.75,-449.30645566332066,-2.8045708962504476e+21,-0.0
60.0,0.03,25.0,7,1,1,0.2,4,0,0,0,2,0.5,0,0,0,0,0.0,725.0,0.9,-367.959679853441,-2.2968043216451787e+21,-0.0
60.0,0.03,25.0,7,1,1,0.2,4,0,0,0,2,0.5,0,0,0,0,0.0,1000.0,0.01,-442.71257037294424,-2.763411864267918e+21,-0.0
60.0,0.03,25.0,7,1,1,0.2,4,0,0,0,2,0.5,0,0,0,0,0.0,900.0,0.02,-475.7380385398942,-2.9695568365660196e+21,-0.0
60.0,0.03,25.0,7,1,1,0.2,4,0,0,0,2,0.5,0,0,0,0,0.0,800.0,0.05,-419.2504632478527,-2.6169613915930965e+21,-0.0
60.0,0.03,25.0,7,1,1,0.2,4,0,0,0,2,0.5,0,0,0,0,0.0,700.0,0.1,-464.9886461420771,-2.902459129218845e+21,-0.0
60.0,0.03,25.0,7,1,0.5,0.15,5,0.2,0.02,0.002,1,0.5,0.05,0.01,0,0,0.0,900.0,0.2,-472.18984524036654,-2.947409013990368e+21,-0.0
60.0,0.03,25.0,7,1,0.5,0.15,5,0.2,0.02,0.002,1,0.5,0.05,0.01,0,0,0.0,850.0,0.5,-512.4565854704924,-3.198754006506814e+21,-0.0
60.0,0.03,25.0,7,1,0.5,0.15,5,0.2,0.02,0.002,1,0.5,0.05,0.01,0,0,0.0,800.0,2.0,-400.8054350428256,-2.501827525537317e+21,-0.0
63.0,0.03,23.0,6,1,0.5,0.15,3.5,0.2,0.02,0.002,1,0.5,0.05,0.01,0,0,0.0,900.0,0.5,-485.4824662033087,-3.030381554041053e+21,-0.0
63.0,0.03,23.0,6,1,0.5,0.15,3.5,0.2,0.02,0.002,1,0.5,0.05,0.01,0,0,0.0,850.0,1.0,-461.5629147906261,-2.881075714123088e+21,-0.0
63.0,0.03,23.0,6,1,0.5,0.15,3.5,0.2,0.02,0.002,1,0.5,0.05,0.01,0,0,0.0,800.0,5.0,-444.7652320841907,-2.7762245786695185e+21,-0.0
65.0,0.02,22.0,5,1,0.5,0.15,2,0.2,0.02,0.002,1,0.5,0.05,0.01,0,0,0.0,900.0,2.0,-491.0151155484685,-3.06491635125354e+21,-0.0
65.0,0.02,22.0,5,1,0.5,0.15,2,0.2,0.02,0.002,1,0.5,0.05,0.01,0,0,0.0,850.0,10.0,-427.45923950975134,-2.668200573019868e+21,-0.0
65.0,0.02,22.0,5,1,0.5,0.15,2,0.2,0.02,0.002,1,0.5,0.05,0.01,0,0,0.0,800.0,50.0,-431.8982567646952,-2.6959089187252276e+21,-0.0
68.0,0.02,20.0,5,1,0.5,0.15,0,0.2,0.02,0.002,1,0.5,0.05,0.01,0,0,0.0,900.0,100.0,-415.3629833282123,-2.5926957419347014e+21,-0.0
68.0,0.02,20.0,5,1,0.5,0.15,0,0.2,0.02,0.002,1,0.5,0.05,0.01,0,0,0.0,850.0,500.0,-437.8920128713547,-2.733321944342996e+21,-0.0
68.0,0.02,20.0,5,1,0.5,0.15,0,0.2,0.02,0.002,1,0.5,0.05,0.01,0,0,0.0,800.0,2000.0,-360.42855802415,-2.2497950591867442e+21,-0.0
60.0,0.03,25.0,7,1,0.5,0.15,5,0.2,0.02,0.002,1,0.5,0.05,0.01,0,0,0.0,750.0,10.0,-465.4502668718698,-2.905340565814211e+21,-0.0
63.0,0.03,23.0,6,1,0.5,0.15,3.5,0.2,0.02,0.002,1,0.5,0.05,0.01,0,0,0.0,750.0,20.0,-365.58280761348766,-2.28196788512339e+21,-0.0
65.0,0.02,22.0,5,1,0.5,0.15,2,0.2,0.02,0.002,1,0.5,0.05,0.01,0,0,0.0,750.0,100.0,-390.07937394422294,-2.4348754521598397e+21,-0.0
68.0,0.02,20.0,5,1,0.5,0.15,0,0.2,0.02,0.002,1,0.5,0.05,0.01,0,0,0.0,750.0,500.0,-375.44069419462255,-2.343500813162834e+21,-0.0
60.0,0.03,25.0,7,1,0.5,0.15,5,0.2,0.02,0.002,1,0.5,0.05,0.01,0,0,0.0,700.0,50.0,-423.68364283218745,-2.644633298558514e+21,-0.0
63.0,0.03,23.0,6,1,0.5,0.15,3.5,0.2,0.02,0.002,1,0.5,0.05,0.01,0,0,0.0,700.0,200.0,-433.17336800664816,-2.7038681630974977e+21,-0.0
65.0,0.02,22.0,5,1,0.5,0.15,2,0.2,0.02,0.002,1,0.5,0.05,0.01,0,0,0.0,700.0,1000.0,-468.37944090454687,-2.9236244701261815e+21,-0.0
68.0,0.02,20.0,5,1,0.5,0.15,0,0.2,0.02,0.002,1,0.5,0.05,0.01,0,0,0.0,700.0,5000.0,-434.51315075174256,-2.712231086992377e+21,-0.0
0.0,0.023,0.32,1.85,0.03,0.001,22.5,5.3,2.9,0.166,0.03,0,0,0,0,0,0,0.0,800.0,0.0,-697.3740591292923,-4.353008877085042e+21,-0.0
0.0,0.023,0.32,1.85,0.03,0.001,22.5,5.3,2.9,0.166,0.03,0,0,0,0,0,0,0.3,800.0,4.0,-710.2233780812129,-4.433214325982931e+21,1.5812164711883476e+21
0.0,0.023,0.32,1.85,0.03,0.001,22.5,5.3,2.9,0.166,0.03,0,0,0,0,0,0,1.0,800.0,5.0,-714.4752308241443,-4.4597543908043087e+21,2.0537927957361484e+22
68.434,0,21.46,5.5,1.46,0,0.166,2.98,0,0,0,0,0,0,0,0,0,0.0,650.0,0.33,-705.9634874315892,-4.4066240885479797e+21,-0.0
68.434,0,21.46,5.5,1.46,0,0.166,2.98,0,0,0,0,0,0,0,0,0,0.025,750.0,0.33,-718.5989223362653,-4.485494473222968e+21,1.1356288778765266e+20
68.434,0,21.46,5.5,1.46,0,0.166,2.98,0,0,0,0,0,0,0,0,0,0.05,800.0,0.33,-705.3278455104097,-4.4026564116759776e+21,2.2582675141133297e+20
68.434,0,21.46,5.5,1.46,0,0.166,2.98,0,0,0,0,0,0,0,0,0,0.15,850.0,0.33,-694.683527256708,-4.336214577136371e+21,7.047169511488498e+20
68.434,0,21.46,5.5,1.46,0,0.166,2.98,0,0,0,0,0,0,0,0,0,0.0,650.0,0.083,-702.4614448670932,-4.3847643388603956e+21,-0.0
68.434,0,21.46,5.5,1.46,0,0.166,2.98,0,0,0,0,0,0,0,0,0,0.0,700.0,0.083,-707.0168882820348,-4.413199416656461e+21,-0.0
68.434,0,21.46,5.5,1.46,0,0.166,2.98,0,0,0,0,0,0,0,0,0,0.0,750.0,0.083,-705.1204458459409,-4.401361822970363e+21,-0.0
68.434,0,21.46,5.5,1.46,0,0.166,2.98,0,0,0,0,0,0,0,0,0,0.01,800.0,0.083,-699.0237904465328,-4.3633064999672574e+21,4.385269575643686e+19
68.434,0,21.46,5.5,1.46,0,0.166,2.98,0,0,0,0,0,0,0,0,0,0.025,850.0,0.083,-713.2487759913384,-4.4520988597379347e+21,1.1271738405792103e+20
68.434,0,21.46,5.5,1.46,0,0.166,2.98,0,0,0,0,0,0,0,0,0,0.03,900.0,0.083,-706.7744182884827,-4.411685918956709e+21,1.3437645676286961e+20
68.434,0,21.46,5.5,1.46,0,0.166,2.98,0,0,0,0,0,0,0,0,0,0.0,720.0,0.167,-717.2275492567841,-4.476934362460846e+21,-0.0
68.434,0,21.46,5.5,1.46,0,0.166,2.98,0,0,0,0,0,0,0,0,0,0.01,750.0,0.167,-705.6740606897513,-4.4048174868254273e+21,4.426989511597175e+19
68.434,0,21.46,5.5,1.46,0,0.166,2.98,0,0,0,0,0,0,0,0,0,0.015,775.0,0.167,-711.8406219213934,-4.443309162033338e+21,6.715456535304057e+19
68.434,0,21.46,5.5,1.46,0,0.166,2.98,0,0,0,0,0,0,0,0,0,0.025,800.0,0.167,-713.3181912262041,-4.452532149633966e+21,1.1272835400831028e+20
68.434,0,21.46,5.5,1.46,0,0.166,2.98,0,0,0,0,0,0,0,0,0,0.0525,850.0,0.167,-703.3813411049133,-4.390506331176869e+21,2.367727270930736e+20
68.434,0,21.46,5.5,1.46,0,0.166,2.98,0,0,0,0,0,0,0,0,0,0.05,900.0,0.167,-709.70495927876,-4.42997835581802e+21,2.2722818393545097e+20
68.434,0,21.46,5.5,1.46,0,0.166,2.98,0,0,0,0,0,0,0,0,0,0.025,750.0,0.33,-707.7250007695237,-4.417619454803367e+21,1.1184444110437507e+20
68.434,0,21.46,5.5,1.46,0,0.166,2.98,0,0,0,0,0,0,0,0,0,0.05,775.0,0.33,-708.6759120838794,-4.423555043227575e+21,2.2689871107180603e+20
68.434,0,21.46,5.5,1.46,0,0.166,2.98,0,0,0,0,0,0,0,0,0,0.0575,800.0,0.33,-697.6532087307293,-4.354751328897212e+21,2.5788558517570162e+20
68.434,0,21.46,5.5,1.46,0,0.166,2.98,0,0,0,0,0,0,0,0,0,0.15,850.0,0.33,-719.8872044680032,-4.493535930289276e+21,7.302846490504014e+20
0.1,0,0.6,0.7,0,0,0,0.5,0.1,0,0,0,0,0,0,0,0,1.0,975.0,0.0,-706.694305589732,-4.4111858554911075e+21,2.0314261586560017e+22
0.1,0,0.6,0.7,0,0,0,0.5,0.1,0,0,0,0,0,0,0,0,5.0,975.0,0.007,-710.0005171323209,-4.431823227939947e+21,2.0409300198878546e+22
0.1,0,0.6,0.7,0,0,0,0.5,0.1,0,0,0,0,0,0,0,0,10.0,975.0,0.0417,-714.7515541610785,-4.461479201073452e+21,2.0545871002189427e+22
0.1,0,0.6,0.7,0,0,0,0.5,0.1,0,0,0,0,0,0,0,0,15.0,975.0,0.0972,-699.5395114340431,-4.366525630371297e+21,2.010859364933875e+22
0.1,0,0.6,0.7,0,0,0,0.5,0.1,0,0,0,0,0,0,0,0,10.0,925.0,0.0139,-703.4904028051337,-4.3911870943096445e+21,2.022216388781045e+22
0.1,0,0.6,0.7,0,0,0,0.5,0.1,0,0,0,0,0,0,0,0,15.0,925.0,0.0417,-694.580061957743,-4.335568746740232e+21,1.996603193178987e+22
0.1,0,0.6,0.7,0,0,0,0.5,0.1,0,0,0,0,0,0,0,0,20.0,925.0,0.0694,-691.8089846170665,-4.318271681979729e+21,1.9886376004849693e+22
0.1,0,0.6,0.7,0,0,0,0.5,0.1,0,0,0,0,0,0,0,0,1.0,975.0,0.0278,-697.8079091593557,-4.3557169689726985e+21,2.0058817924115487e+22
0.1,0,0.6,0.7,0,0,0,0.5,0.1,0,0,0,0,0,0,0,0,5.0,975.0,0.0556,-705.5794687966828,-4.404227044228894e+21,2.0282215076405357e+22
0.1,0,0.6,0.7,0,0,0,0.5,0.1,0,0,0,0,0,0,0,0,10.0,975.0,0.1111,-710.8543370151232,-4.437152771648399e+21,2.043384365466963e+22
0.1,0,0.6,0.7,0,0,0,0.5,0.1,0,0,0,0,0,0,0,0,15.0,975.0,0.125,-713.3136450968001,-4.4525037726942264e+21,2.0504537627010947e+22
0.1,0,0.6,0.7,0,0,0,0.5,0.1,0,0,0,0,0,0,0,0,1.0,1000.0,0.0278,-706.9688889967725,-4.412899805117854e+21,2.03221546162814e+22
0.1,0,0.6,0.7,0,0,0,0.5,0.1,0,0,0,0,0,0,0,0,5.0,1000.0,0.0694,-703.3647244497621,-4.390402610015415e+21,2.0218551204127286e+22
0.1,0,0.6,0.7,0,0,0,0.5,0.1,0,0,0,0,0,0,0,0,10.0,1000.0,0.125,-709.1007941560549,-4.426207157122095e+21,2.0383437236985777e+22
0.1,0,0.6,0.7,0,0,0,0.5,0.1,0,0,0,0,0,0,0,0,1.0,800.0,0.0389,-710.3189768761044,-4.433811053660644e+21,2.041845447462244e+22
0.1,0,0.6,0.7,0,0,0,0.5,0.1,0,0,0,0,0,0,0,0,5.0,800.0,0.0694,-696.1759578227931,-4.345530328729874e+21,2.0011906712173843e+22
0.1,0,0.6,0.7,0,0,0,0.5,0.1,0,0,0,0,0,0,0,0,10.0,800.0,0.1389,-704.2074966953633,-4.3956631943724574e+21,2.0242777090369216e+22
0.1,0,0.6,0.7,0,0,0,0.5,0.1,0,0,0,0,0,0,0,0,15.0,800.0,0.1667,-708.51275152278,-4.422536595005193e+21,2.0366533673759204e+22
62.34000000000001,0.016,25.04,6.93,0.76,0.44,0.265,3.78,0,0.028,0.001,0.4,0,0,0,0,0,0.0,1020.0,0.0,-386.0790162070478,-2.4099052191643924e+21,-0.0
62.34000000000001,0.016,25.04,6.93,0.76,0.44,0.265,3.78,0,0.028,0.001,0.4,0,0,0,0,0,22.3,980.0,0.0,-528.4408000907084,-3.298527474166202e+21,1.5190280381692796e+22
62.34000000000001,0.016,25.04,6.93,0.76,0.44,0.265,3.78,0,0.028,0.001,0.4,0,0,0,0,0,14.1,990.0,0.0,-438.1700915377988,-2.73505771137894e+21,1.2595406229399115e+22
62.34000000000001,0.016,25.04,6.93,0.76,0.44,0.265,3.78,0,0.028,0.001,0.4,0,0,0,0,0,27.0,950.0,0.0,-458.51561594566886,-2.862054474732865e+21,1.3180247937713596e+22
62.34000000000001,0.016,25.04,6.93,0.76,0.44,0.265,3.78,0,0.028,0.001,0.4,0,0,0,0,0,27.9,880.0,0.0,-394.1380894203587,-2.460209954161879e+21,1.1329685532177412e+22
62.34000000000001,0.016,25.04,6.93,0.76,0.44,0.265,3.78,0,0.028,0.001,0.4,0,0,0,0,0,34.4,750.0,0.0,-502.7870930629732,-3.138397034899079e+21,1.4452852456910664e+22
62.34000000000001,0.016,25.04,6.93,0.76,0.44,0.265,3.78,0,0.028,0.001,0.4,0,0,0,0,0,21.4,640.0,0.0,-435.42410560211783,-2.7179172671684194e+21,1.2516471566746234e+22
62.34000000000001,0.016,25.04,6.93,0.76,0.44,0.265,3.78,0,0.028,0.001,0.4,0,0,0,0,0,5.4,630.0,0.0,-406.42355576177505,-2.536895835065e+21,1.1682837064598698e+22
59.16899999999999,0.027,25.84,6.5,1.34,0.72,0.214,3.21,0,0.026,0.014,2.94,0,0,0,0,0.2,11.0,850.0,0.25,-426.75362172414026,-2.6637961068020834e+21,1.2267234412596103e+22
59.16899999999999,0.027,25.84,6.5,1.34,0.72,0.214,3.21,0,0.026,0.014,2.94,0,0,0,0,0.2,35.0,850.0,0.5,-469.80199320976567,-2.932504041615357e+21,1.3504680182736623e+22
59.16899999999999,0.027,25.84,6.5,1.34,0.72,0.214,3.21,0,0.026,0.014,2.94,0,0,0,0,0.2,49.0,850.0,1.0,-398.03902154147124,-2.4845595724618636e+21,1.1441819668412692e+22
59.206999999999994,0.027,25.84,6.3,1.4,0.76,0.216,3.21,0,0.026,0.014,3,0,0,0,0,0.5,0.0,1050.0,1.0,-411.59243282910353,-2.569159965719264e+21,-0.0
59.206999999999994,0.027,25.84,6.3,1.4,0.76,0.216,3.21,0,0.026,0.014,3,0,0,0,0,0.5,32.0,850.0,0.25,-458.24159750356745,-2.860344051617268e+21,1.3172371148176223e+22
59.206999999999994,0.027,25.84,6.3,1.4,0.76,0.216,3.21,0,0.026,0.014,3,0,0,0,0,0.5,39.0,850.0,0.5,-496.9791064988462,-3.102143582765798e+21,1.4285899140007333e+22
59.206999999999994,0.027,25.84,6.3,1.4,0.76,0.216,3.21,0,0.026,0.014,3,0,0,0,0,0.5,57.0,850.0,1.0,-405.57355399524107,-2.531590124038295e+21,1.1658403362363048e+22
59.761999999999986,0.218,25.37,6.21,1.34,0.76,0.218,3.2,0,0.027,0.015,2.88,0,0,0,0,1.5,0.0,1050.0,1.0,-432.1710446489458,-2.6976116606987194e+21,-0.0
59.761999999999986,0.218,25.37,6.21,1.34,0.76,0.218,3.2,0,0.027,0.015,2.88,0,0,0,0,1.5,43.0,850.0,0.25,-339.16796304461576,-2.1170864253244916e+21,9.749543287064451e+21
59.761999999999986,0.218,25.37,6.21,1.34,0.76,0.218,3.2,0,0.027,0.015,2.88,0,0,0,0,1.5,62.0,850.0,0.5,-472.7670935460032,-2.951012197914152e+21,1.3589913392321439e+22
59.761999999999986,0.218,25.37,6.21,1.34,0.76,0.218,3.2,0,0.027,0.015,2.88,0,0,0,0,1.5,74.0,850.0,1.0,-421.30819058263535,-2.62980572561681e+21,1.2110702922551311e+22
62.76,0.015,26.8,2.4,0.23,0.4,0.016,3.72,0.05,0.022,0.002,0.05,0,1.02,0.16,0, ,2.17,900.0,0.25,-436.66808417571576,-2.725682181424818e+21,1.2552230318376554e+22
66.904,0.016,22.2,5.7,1.6,0.44,0.16,2.98,0,0,0,0,0,0,0,0, ,0.0,960.0,1.0,-477.5776627135254,-2.9810397706578255e+21,-0.0
61.03,0.03,26.03,6.67,0.94,0,0.4,4.93,1.3,0,0,0,0,0,0,0, ,15.0,939.11,0.2356,-698.7388033720254,-4.361527610648182e+21,2.0085576917920883e+22
70.67,1.02,16.36,3.5,13.12,1,0,1,0,1.01,1,1,2,3.81,0,0, ,11.92,800.0,10.0,-449.92506681325966,-2.8084322670483666e+21,1.2933308545578083e+22
60.197,0.023,26.05,6.31,0.96,0,0.4,4.74,1.32,0,0,0,0,0,0,0, ,1.0,830.0,19.0,-706.4205063355201,-4.409476800546317e+21,2.0306391097682053e+22
67.0,0.01,12.0,5,6,0,0.4,4.74,1.32,0,0,0,0,0,0,0,0,5.7,750.0,4.0,-696.9936798225677,-4.3506345494524676e+21,2.0035412517268234e+22
61.03,0.03,26.03,6.67,0.94,0,0.4,4.93,1.3,0,0,0,0,0,0,0,0,15.0,870.37,10.0,-706.6894163474927,-4.4111553368410497e+21,2.0314121042982657e+22
57.0, ,11.0,2,3,2,1,4,3, , ,4, , , , ,0,9.0,866.74,100.0,-460.18774479636704,-2.872491903018923e+21,1.3228314071274938e+22
61.0,0.03,20.0,6,0,0.39,0.178,3.19,0,0.022,0.001,0.2,0,0,0.001,0.002,0,10.12,1000.0,3.0,-373.5285046217232,-2.331564925848796e+21,1.073725328321441e+22
66.904,0.016,22.2,5.7,1.6,0.44,0.16,2.98,0,0,0,0,0,0,0,0,0,4.0,750.0,5.0,-506.23324282908663,-3.1599079017391587e+21,1.4551913659557359e+22
60.69,0.02,27.81,5.38,1.89,0.4,5.36,6.32,0,0,0,0,0,0,0,0,0,1.0,980.0,0.025,-412.90516613688635,-2.5773540470264446e+21,1.1869154016101931e+22
63.0,1.02,26.0,2,10,0,0.4,4.93,1.3,0,0,0,0,0,0,0,0,13.0,750.0,5.0,-707.8153323139993,-4.4181833043039837e+21,2.0346486029211054e+22
62.927,1.02,29.817,7.92,1.83,1.36,1.5,5.28,0,1.01,1,1,1,0,0,0,0,1.72,850.0,2.0,-439.4548198273289,-2.743076985362187e+21,1.2632336350860032e+22
58.0,0.016,18.0,2,0,0.44,0.16,2.98,0,0,0.001,0,0.001,0,0,0,0,20.0,850.0,5.0,-447.83947028511017,-2.7954139735196576e+21,1.287335708834723e+22
62.0,0.01,22.0,8,8,0,0.3,3.75,0,0.25,0.0004,0.51,0.67,0,0,0,0,51.0,918.0,20.0,-689.6797900669416,-4.3049812495978495e+21,1.9825171301885773e+22
69.66,0.02,15.27,2.04,11.05,0,0,0,0,0,0,0,0,1.96,0,0,0,0.37,850.0,2.0,-707.329632304379,-4.415151564843933e+21,2.039956582451132e+21
70.0,0.03,26.0,1,4,0.67,0.18,3.13,0,0,0.1,0,0,0,0,0,0,5.1,700.0,47.0,-435.44892847426814,-2.718072211536382e+21,1.251718511193006e+22
61.927,0.02,28.817,6.92,0.83,0.36,0.5,4.28,0,0.01,0,0,0,0,0,0,0,7.0,850.0,2.0,-444.79596863010886,-2.7764164361891396e+21,1.2785870195825532e+22
70.0,0.015,31.0,3,0,0.2,0.37,4.6,0,0,0,0.2,0,0,0,0, ,2.21,1000.0,2.0,-496.69012073278464,-3.100339733614042e+21,1.4277592107673645e+22
61.927,0.02,28.817,6.92,0.83,0.36,0.5,4.28,0,0.01,0,0,0,0,0,0, ,10.0,850.0,6.0,-418.47159682693194,-2.6120997073937094e+21,1.2029163695317728e+22
65.0,0.03,12.0,1,11,0,0.4,4.74,1.32,0,0,0,0,0,0,0, ,5.0,927.79,5.0,-712.6182166390809,-4.4481629082611425e+21,2.048454720754229e+22
68.92,1.019,29.12,9.12,1.5,1,1.4,4.75,1.1,1.025,1.003,1.49,1.592,0,0,0, ,5.0,900.0,200.0,-481.2208184328378,-3.0037803486577736e+21,1.383291970689569e+22
67.0,0.016,27.0,3,1,0,0.4,4.93,1.3,0,0,0,0,0,0,0, ,22.7,880.0,10.0,-712.6265144590523,-4.448214703253404e+21,2.048478573229644e+22
66.904,0.016,22.2,5.7,1.6,0.44,0.16,2.98,0,0,0,0,0,0,0,0, ,27.0,750.0,1.0,-453.52156274861824,-2.830881594676875e+21,1.3036691519868368e+22
66.904,0.016,22.2,5.7,1.6,0.44,0.16,2.98,0,0,0,0,0,0,0,0, ,56.47,700.0,200.0,-482.1754307896867,-3.0097390389892245e+21,1.3860360489957625e+22
65.7,0.04,27.8,4,1.2,0.3,0.15,4.1,0.09,0,0,0,0,0,0,0, ,6.0,1025.0,14.0,-518.4209449688732,-3.2359835384957066e+21,1.4902254913828673e+22
69.66,0.02,15.27,2.04,11.05,0,0,0,0,0,0,0,0,1.96,0,0, ,0.57,750.0,3.0,-699.7750875444699,-4.367996096452581e+21,3.6864579725693126e+21
64.0,0.03,30.0,6,0,0,0.27,3.9,0.05,0,0,0,0,0,0,0, ,4.58,750.0,5.0,-695.1293070603072,-4.338997134670437e+21,1.998182024167205e+22
58.82,1.015,25.91,8.61,4.18,1.2,1.382,5.6,1,1.5,1,1.2,0,0,0,0, ,39.0,800.0,3.0,-432.7070693866202,-2.700957527111283e+21,1.2438369077473002e+22
61.03,0.03,26.03,6.67,0.94,0,0.4,4.93,1.3,0,0,0,0,0,0,0, ,1.0,753.8,0.179,-701.2896049359788,-4.37744971401038e+21,2.0158900913622695e+22
61.03,0.03,26.03,6.67,0.94,0,0.4,4.93,1.3,0,0,0,0,0,0,0, ,5.0,827.79,3.0,-702.4832648508997,-4.384900539199316e+21,2.0193213231643792e+22
62.927,1.02,29.817,7.92,1.83,1.36,1.5,5.28,0,1.01,1,1,1,0,0,0, ,8.0,800.0,3.0,-397.7871853809664,-2.482987611147992e+21,1.1434580519036524e+22
66.48,0.01,25.05,9.25,0.42,0,0.27,3.9,0.05,0,0,0,0,0,0,0, ,2.3,1025.0,150.0,-699.2554481976337,-4.364752507649629e+21,2.010042811744483e+22
66.904,0.016,22.2,5.7,1.6,0.44,0.16,2.98,0,0,0,0,0,0,0,0, ,43.0,850.0,4.0,-453.49613661649266,-2.8307228847601473e+21,1.3035960633691633e+22
61.03,0.03,26.03,6.67,0.94,0,0.4,4.93,1.3,0,0,0,0,0,0,0, ,10.0,912.47,0.154,-710.7983280463102,-4.4368031636650685e+21,2.0432233650408013e+22
7.0, ,28.0, , ,1, ,4,3, , ,5, , , , , ,10.0,870.0,10.0,-378.20957360207984,-2.3607841584241823e+21,1.087181282192803e+22
61.337,0.034,24.53,7.33,0.59,0.87,0.23,3.62,0,0.023,0.011,0.668,0.757,0,0,0, ,23.42,800.0,100.0,-432.86687193045253,-2.7019550145898847e+21,1.2442962677070354e+22
64.0, ,13.0, ,2, ,1,4, , , ,5, , , , , ,8.0,800.0,20.0,-681.6496808609248,-4.254857307933893e+21,1.959434202013071e+22
69.66,0.02,15.27,2.04,11.05,0,0,0,0,0,0,0,0,1.96,0,0, ,6.09,750.0,10.0,-698.7600774892458,-4.3616604036878723e+21,2.008618845246817e+22
67.52,0.026,22.1,5.44,0.81,0.66,0.17,2.91,0,0.014,0.0065,0.152,0.063,0,0,0, ,0.02,900.0,30.0,-434.9040200027716,-2.7146708928573e+21,5.4843701511785275e+19
6.0, ,27.0,2, ,3,1,3,3, , ,4, , , , , ,7.0,951.19,50.0,-462.12914033366656,-2.8846100939627467e+21,1.3284120402917547e+22
61.03,0.03,26.03,6.67,0.94,0,0.4,4.93,1.3,0,0,0,0,0,0,0, ,5.0,786.2,0.1823,-706.8022863450515,-4.411859871365811e+21,2.031736554437109e+22
66.81,0.021,22.1,5.63,1.54,0.58,0.14,3.15,0,0.028,0.001,0,0,0,0,0, ,5.0,1223.0,10.0,-407.6133559186566,-2.544322567644255e+21,1.171703843205199e+22
61.337,0.034,24.53,7.33,0.59,0.87,0.23,3.62,0,0.023,0.011,0.668,0.757,0,0,0, ,15.61,850.0,50.0,-486.28366980252076,-3.035382666907335e+21,1.3978453760706678e+22
58.0,2,11.0,5, ,3, ,3, , , , , , , , , ,3.0,895.0,100.0,-420.7702669911325,-2.626448006558649e+21,1.2095240054851743e+22
62.9099,0.0205,24.89,6.82,0.85,0.328,0.278,3.72,0,0.0267,0.0009,0.156,0,0,0,0, ,0.24,750.0,3.0,-421.2546003271645,-2.6294712152421606e+21,7.21623786174633e+20
75.0, ,12.0,2, , , ,1,2, , ,4, , , , , ,1.0,820.0,20.0,-712.9573056923589,-4.450279502131704e+21,2.049429448253085e+22
65.0,0.02,29.0,8,10,0.44,0.16,2.98,0,0,0.001,0,0.001,0,0,0, ,4.08,850.0,5.0,-441.39303539947394,-2.7551753269635166e+21,1.2688051272902376e+22
66.0,2,16.0,4,3,3, ,1,5, , ,5, , , , , ,10.0,890.0,100.0,-376.4874533097929,-2.3500346835597273e+21,1.0822309660767214e+22
66.0,1,26.0, ,5,3,1, ,1, , ,4, , , , , ,5.0,902.85,100.0,-357.84414907052036,-2.233663178498188e+21,1.028639907515925e+22
61.03,0.03,26.03,6.67,0.94,0,0.4,4.93,1.3,0,0,0,0,0,0,0, ,15.0,856.03,0.2152,-707.6726151634186,-4.417292463850059e+21,2.034238355731217e+22
72.0,2,21.0,4,2,3, ,2,5, , ,4, , , , , ,10.0,904.0,50.0,-411.4535663278118,-2.568293161018201e+21,1.1827427093998131e+22
66.48,0.016,22.39,5.7,1.43,0.39,0.178,3.19,0,0.022,0.001,0.2,0,0,0.001,0.002, ,19.0,850.0,50.0,-485.2625930480835,-3.029009105806137e+21,1.394910242714487e+22
56.0,0.01,19.0,8,1,0,0.6,4.74,1.32,0,0,0,0,0,0,0, ,9.46,850.0,3.0,-719.9745595939756,-4.4940812009855957e+21,2.069600876018842e+22
59.0,0.01,30.0,0,0,0,0.4,4.74,1.32,0,0,0,0,0,0,0, ,4.2,850.0,1.0,-677.7824832421173,-4.2307182603972966e+21,1.948317759809703e+22
65.7,0.04,27.8,4,1.2,0.3,0.15,4.1,0.09,0,0,0,0,0,0,0,0,6.0,1025.0,10.0,-555.6184033966118,-3.468170074001651e+21,1.5971513424728514e+22
66.904,0.016,22.2,5.7,1.6,0.44,0.16,2.98,0,0,0,0,0,0,0,0,0,55.0,700.0,5.0,-496.9247254359502,-3.101804136171201e+21,1.428433593067016e+22
63.427,1.52,30.317,8.42,2.33,1.86,1.5,5.28,0,1.01,1,0,1,0,0,0,0,2.1,780.0,2.0,-386.70420932096454,-2.4138076745814607e+21,1.1115995137691787e+22
58.0,1.02,29.0,9,0,0,0.4,4.93,1.3,0,0,0,0,0,0,0,0,32.5,850.0,5.0,-704.8154133172076,-4.3994578099260097e+21,2.026025194078372e+22
66.5,0.03,22.5,5.6,1.3,0.55,0.17,3.15,0.12,0.04,0.03,0.35,0,0,0,0,0,0.2,750.0,2.0,-461.8627069470914,-2.8829470167637447e+21,6.433110355713685e+20
66.48,0.016,22.39,5.7,1.43,0.39,0.178,3.19,0,0.022,0.001,0.2,0,0,0.001,0.002,0,17.0,850.0,5.0,-466.4115328742042,-2.9113407882007827e+21,1.3407219799073313e+22
73.0, ,1.0,7, ,2,1,2,2, , ,3, , , , ,0,8.0,804.77,50.0,-468.8276462189056,-2.926422167698409e+21,1.3476672118299354e+22
56.0,0.01,19.0,8,1,0,0.4,4.74,1.32,0,0,0,0,0,0,0,0,9.46,850.0,3.0,-704.3140796489738,-4.3963284851688944e+21,2.024584086770998e+22
73.0, ,17.0,5, , ,1,2, , , ,4, , , , ,0,1.0,818.36,4.0,-701.7144772853459,-4.380101767215129e+21,2.017111406997286e+22
52.0,1,22.0,9, ,3,1,3, , , ,5, , , , ,0,5.0,810.0,100.0,-480.09973766382456,-2.996782562497593e+21,1.3800693710702906e+22
66.0,1.015,25.0,1,4,0.44,0.16,2.98,0,0,0,0,0.001,0,0,0,0,6.5,750.0,5.0,-434.3051949585655,-2.710933026931366e+21,1.2484307951834777e+22
66.48,0.016,22.39,5.7,1.43,0.39,0.178,3.19,0,0.022,0.001,0.2,0,0,0.001,0.002, ,5.8,850.0,5.0,-423.94229691114606,-2.646247817319374e+21,1.218642155305524e+22
59.0, ,27.0,7,5,3,1,5, , , ,3, , , , , ,4.0,985.87,30.0,-409.70843974837237,-2.55740008090934e+21,1.1777262606247224e+22
61.03,0.03,26.03,6.67,0.94,0,0.4,4.93,1.3,0,0,0,0,0,0,0, ,10.0,951.19,0.231,-709.0753879755617,-4.4260485717434565e+21,2.038270692432814e+22
78.0, ,3.0,4,5,3,1,4, , , ,2, , , , , ,8.0,700.0,100.0,-441.13000264873943,-2.7535334765334317e+21,1.2680490272251898e+22
69.0, ,26.0,2,1, , ,5, , , ,1, , , , , ,3.0,1016.07,50.0,-717.5642385617722,-4.479035977102582e+21,2.0626722943720848e+22
67.52,0.026,22.1,5.44,0.81,0.66,0.17,2.91,0,0.014,0.0065,0.152,0.063,0,0,0, ,3.42,750.0,20.0,-380.4887707114971,-2.375010906781165e+21,1.0937329419305162e+22
66.81,0.021,22.1,5.63,1.54,0.58,0.14,3.15,0,0.028,0.001,0,0,0,0,0, ,48.4,850.0,100.0,-446.22065550917114,-2.7853093316882465e+21,1.2826823493045128e+22
63.0, ,12.0,9,2, , ,3,3, , ,1, , , , , ,2.0,1073.0,50.0,-677.7161757097954,-4.230304368780543e+21,1.9481271556763327e+22
60.69,0.02,25.56,6.31,0.96,0,0.4,4.74,1.32,0,0,0,0,0,0,0,0,0.38,1000.0,0.0,-707.4416491938454,-4.4158507742679825e+21,2.1109347617219609e+21
60.69,0.02,25.56,6.31,0.96,0,0.4,4.74,1.32,0,0,0,0,0,0,0,0,1.0,980.0,0.0,-703.1567799871291,-4.3891046206796595e+21,2.0212573742336538e+22
60.69,0.02,25.56,6.31,0.96,0,0.4,4.74,1.32,0,0,0,0,0,0,0,0,1.2,973.0,0.0,-699.8097390459668,-4.368212391124925e+21,2.0116361469672253e+22
60.69,0.02,25.56,6.31,0.96,0,0.4,4.74,1.32,0,0,0,0,0,0,0,0,3.74,963.0,0.0,-684.9200923930088,-4.275271216717161e+21,1.96883515442389e+22
60.69,0.02,25.56,6.31,0.96,0,0.4,4.74,1.32,0,0,0,0,0,0,0,0,4.67,950.0,0.0,-710.9741249161041,-4.4379004877263214e+21,2.0437287014459263e+22
60.69,0.02,25.56,6.31,0.96,0,0.4,4.74,1.32,0,0,0,0,0,0,0,0,14.76,918.0,0.0,-702.8055969255987,-4.386912536009587e+21,2.0202478819368757e+22
60.69,0.02,25.56,6.31,0.96,0,0.4,4.74,1.32,0,0,0,0,0,0,0,0,3.64,904.0,0.0,-712.9127561496157,-4.450001423885901e+21,2.0493013884883905e+22
60.69,0.02,25.56,6.31,0.96,0,0.4,4.74,1.32,0,0,0,0,0,0,0,0,4.08,887.0,0.0,-705.4901573198667,-4.403669561990608e+21,2.0279647775822384e+22
60.69,0.02,25.56,6.31,0.96,0,0.4,4.74,1.32,0,0,0,0,0,0,0,0,0.48,870.0,0.0,-710.054594113327,-4.432160776455387e+21,2.898307239525848e+21
60.69,0.02,25.56,6.31,0.96,0,0.4,4.74,1.32,0,0,0,0,0,0,0,0,6.75,854.0,0.0,-715.0035226183836,-4.4630519881839506e+21,2.0553113954499605e+22
60.69,0.02,25.56,6.31,0.96,0,0.4,4.74,1.32,0,0,0,0,0,0,0,0,0.04,845.0,0.0,-713.3413156552107,-4.452676492319825e+21,1.817671353699489e+20
60.69,0.02,25.56,6.31,0.96,0,0.4,4.74,1.32,0,0,0,0,0,0,0,0,0.09,815.0,0.0,-712.7602598239736,-4.449049541821243e+21,4.195928852903762e+20
60.69,0.02,25.56,6.31,0.96,0,0.4,4.74,1.32,0,0,0,0,0,0,0,0,0.15,800.0,0.0,-683.9139102838732,-4.2689906279919366e+21,6.937917868972835e+20
58.53,<0.01,26.3,6.9,2.9,0.2,0.37,4.6,0,0,0,0.2,0,0,0,0,0,1.5,1025.0,0.0,-520.3076231284805,-3.2477601835679754e+21,1.495648836860645e+22
58.53,<0.01,26.3,6.9,2.9,0.2,0.37,4.6,0,0,0,0.2,0,0,0,0,0,23.0,1000.0,0.0,-534.0228771149261,-3.333370798951369e+21,1.5350739822174146e+22
58.53,<0.01,26.3,6.9,2.9,0.2,0.37,4.6,0,0,0,0.2,0,0,0,0,0,32.5,950.0,0.0,-502.71746770417724,-3.137962433409474e+21,1.445085104308795e+22
58.53,<0.01,26.3,6.9,2.9,0.2,0.37,4.6,0,0,0,0.2,0,0,0,0,0,34.0,900.0,0.0,-521.0998928039756,-3.252705530882416e+21,1.4979262534618268e+22
58.53,<0.01,26.3,6.9,2.9,0.2,0.37,4.6,0,0,0,0.2,0,0,0,0,0,38.0,850.0,0.0,-559.5957924701491,-3.492996936598671e+21,1.6085845352171933e+22
58.53,<0.01,26.3,6.9,2.9,0.2,0.37,4.6,0,0,0,0.2,0,0,0,0,0,37.0,800.0,0.0,-472.35102624160123,-2.9484151058000747e+21,1.3577953341147426e+22
58.53,<0.01,26.3,6.9,2.9,0.2,0.37,4.6,0,0,0,0.2,0,0,0,0,0,7.0,750.0,0.0,-513.4669596988318,-3.205060762440108e+21,1.4759850267469446e+22
68.547,0.023,22.43,4.88,0.14,0.67,0.18,3.13,0,0,0,0,0,0,0,0,0,20.0,850.0,0.0,-369.8581894758621,-2.3086548187083312e+21,1.0631748340853349e+22
61.9936,0.014,25.19,7.05,0.5,0,0.3,3.75,0,0.022,0.0004,0.51,0.67,0,0,0,0,1.36,850.0,0.0,-698.3993545710395,-4.3594087712324285e+21,2.0075819301814556e+22
61.9936,0.014,25.19,7.05,0.5,0,0.3,3.75,0,0.022,0.0004,0.51,0.67,0,0,0,0,24.39,850.0,1200.0,-714.0140725515349,-4.456875840866681e+21,2.0524671745009843e+22
61.9936,0.014,25.19,7.05,0.5,0,0.3,3.75,0,0.022,0.0004,0.51,0.67,0,0,0,0,36.54,850.0,3600.0,-691.0621361401463,-4.313609853786793e+21,1.9864907492643387e+22
61.9936,0.014,25.19,7.05,0.5,0,0.3,3.75,0,0.022,0.0004,0.51,0.67,0,0,0,0,4.19,950.0,300.0,-682.2490582267161,-4.258598621451162e+21,1.9611571405596876e+22
61.9936,0.014,25.19,7.05,0.5,0,0.3,3.75,0,0.022,0.0004,0.51,0.67,0,0,0,0,22.7,950.0,1200.0,-707.4300468998618,-4.415778352748938e+21,2.033541081801101e+22
61.9936,0.014,25.19,7.05,0.5,0,0.3,3.75,0,0.022,0.0004,0.51,0.67,0,0,0,0,25.39,950.0,3600.0,-702.2699326431535,-4.3835689195585646e+21,2.018708089657513e+22
60.2,0.023,26.05,6.31,0.96,0,0.4,4.74,1.32,0,0,0,0,0,0,0,0,3.0,775.0,0.0,-699.8690743392259,-4.368582762025448e+21,2.0118067090701098e+22
60.2,0.023,26.05,6.31,0.96,0,0.4,4.74,1.32,0,0,0,0,0,0,0,0,5.4,825.0,0.0,-702.8226206223356,-4.387018797924619e+21,2.0202968173571767e+22
60.2,0.023,26.05,6.31,0.96,0,0.4,4.74,1.32,0,0,0,0,0,0,0,0,10.0,850.0,0.0,-700.8282453330877,-4.374569907369133e+21,2.0145638913937016e+22
60.2,0.023,26.05,6.31,0.96,0,0.4,4.74,1.32,0,0,0,0,0,0,0,0,11.0,875.0,0.0,-694.4045765930216,-4.3344733670936407e+21,1.996098752209905e+22
60.2,0.023,26.05,6.31,0.96,0,0.4,4.74,1.32,0,0,0,0,0,0,0,0,11.0,900.0,0.0,-711.6998581571775,-4.442430514617102e+21,2.045814855923841e+22
60.2,0.023,26.05,6.31,0.96,0,0.4,4.74,1.32,0,0,0,0,0,0,0,0,10.1,925.0,0.0,-707.2172201490356,-4.41444988817028e+21,2.0329293012540236e+22
60.2,0.023,26.05,6.31,0.96,0,0.4,4.74,1.32,0,0,0,0,0,0,0,0,9.0,950.0,0.0,-693.810961571884,-4.3307680221317e+21,1.9943923777951517e+22
60.2,0.023,26.05,6.31,0.96,0,0.4,4.74,1.32,0,0,0,0,0,0,0,0,7.1,975.0,0.0,-711.6715622798836,-4.4422538917510334e+21,2.0457335180881427e+22
60.2,0.023,26.05,6.31,0.96,0,0.4,4.74,1.32,0,0,0,0,0,0,0,0,4.9,1000.0,0.0,-705.1220190213967,-4.4013716427315583e+21,2.02690654665608e+22
61.05,0.01,25.05,9.25,0.42,0,0.27,3.9,0.05,0,0,0,0,0,0,0,0,5.5,775.0,0.0,-702.6590600174584,-4.3859978526289754e+21,2.0198266546734747e+22
61.05,0.01,25.05,9.25,0.42,0,0.27,3.9,0.05,0,0,0,0,0,0,0,0,9.5,800.0,0.0,-695.2986639731675,-4.340054260520512e+21,1.9986688486119653e+22
61.05,0.01,25.05,9.25,0.42,0,0.27,3.9,0.05,0,0,0,0,0,0,0,0,13.5,825.0,0.0,-715.926737688898,-4.4688146966541013e+21,2.057965220773688e+22
61.05,0.01,25.05,9.25,0.42,0,0.27,3.9,0.05,0,0,0,0,0,0,0,0,12.0,875.0,0.0,-695.6861893959677,-4.342473194209631e+21,1.9997828087426666e+22
61.05,0.01,25.05,9.25,0.42,0,0.27,3.9,0.05,0,0,0,0,0,0,0,0,11.0,900.0,0.0,-709.7382120099574,-4.430185919366154e+21,2.040176011424925e+22
61.05,0.01,25.05,9.25,0.42,0,0.27,3.9,0.05,0,0,0,0,0,0,0,0,11.0,925.0,0.0,-701.3116867628274,-4.377587548773569e+21,2.015953566616473e+22
61.05,0.01,25.05,9.25,0.42,0,0.27,3.9,0.05,0,0,0,0,0,0,0,0,10.5,950.0,0.0,-700.6341594477376,-4.373358423272778e+21,2.0140059823495686e+22
61.05,0.01,25.05,9.25,0.42,0,0.27,3.9,0.05,0,0,0,0,0,0,0,0,7.0,975.0,0.0,-707.6561750293401,-4.417189844533141e+21,2.034191097789339e+22
61.05,0.01,25.05,9.25,0.42,0,0.27,3.9,0.05,0,0,0,0,0,0,0,0,5.1,1000.0,0.0,-698.4254357945833,-4.359571570229789e+21,2.007656901890351e+22
61.05,0.01,25.05,9.25,0.42,0,0.27,3.9,0.05,0,0,0,0,0,0,0,0,1.0,0.0,82.0,-703.1750882146345,-4.3892189006357484e+21,2.021310002098317e+22
61.05,0.01,25.05,9.25,0.42,0,0.27,3.9,0.05,0,0,0,0,0,0,0,0,5.0,0.0,312.5,-699.4161662278646,-4.3657557095943305e+21,2.0105048033131093e+22
61.05,0.01,25.05,9.25,0.42,0,0.27,3.9,0.05,0,0,0,0,0,0,0,0,10.0,0.0,600.3,-706.2251915967339,-4.4082576459468133e+21,2.030077668326831e+22
60.197,0.023,26.05,6.31,0.96,0,0.4,4.74,1.32,0,0,0,0,0,0,0,0,1.0,0.0,82.2,-712.8711196907647,-4.449741529109753e+21,2.0491817025209293e+22
60.197,0.023,26.05,6.31,0.96,0,0.4,4.74,1.32,0,0,0,0,0,0,0,0,5.0,0.0,259.1,-703.5112695863144,-4.3913173447577745e+21,2.022276371329089e+22
60.197,0.023,26.05,6.31,0.96,0,0.4,4.74,1.32,0,0,0,0,0,0,0,0,0.0,0.0,470.9,-717.5319599951058,-4.4788344942894504e+21,-0.0
66.9965,0.013,22.45,5.31,1.81,0.38,0.15,2.63,0,0.02,0.0005,0.24,0,0,0,0,0,5.0,850.0,0.0,-360.35212362224,-2.2493179556500223e+21,1.0358491988167167e+22
66.9965,0.013,22.45,5.31,1.81,0.38,0.15,2.63,0,0.02,0.0005,0.24,0,0,0,0,0,12.0,850.0,0.0,-461.37007477789916,-2.8798720067636466e+21,1.3262300705009638e+22
66.9965,0.013,22.45,5.31,1.81,0.38,0.15,2.63,0,0.02,0.0005,0.24,0,0,0,0,0,17.0,850.0,0.0,-487.76866526381633,-3.0446520085767415e+21,1.4021140656606367e+22
66.9965,0.013,22.45,5.31,1.81,0.38,0.15,2.63,0,0.02,0.0005,0.24,0,0,0,0,0,21.0,850.0,0.0,-434.3188139017824,-2.711018036374926e+21,1.2484699434789785e+22
69.66,0.02,15.27,2.04,11.05,0,0,0,0,0,0,0,0,1.96,0,0,0,2.5,900.0,0.0,-718.4760918707824,-4.4847277654574236e+21,2.065293459775752e+22
69.66,0.02,15.27,2.04,11.05,0,0,0,0,0,0,0,0,1.96,0,0,0,5.8,900.0,0.0,-710.0765500483303,-4.432297825401678e+21,2.0411485800959654e+22
69.66,0.02,15.27,2.04,11.05,0,0,0,0,0,0,0,0,1.96,0,0,0,7.8,900.0,0.0,-686.6517126779443,-4.286079990535728e+21,1.9738127787175254e+22
69.66,0.02,15.27,2.04,11.05,0,0,0,0,0,0,0,0,1.96,0,0,0,9.5,900.0,0.0,-685.7421796065848,-4.2804026851043023e+21,1.9711982829465705e+22
69.66,0.02,15.27,2.04,11.05,0,0,0,0,0,0,0,0,1.96,0,0,0,10.3,900.0,0.0,-691.8952883278712,-4.318810389742572e+21,1.98888568457781e+22
69.66,0.02,15.27,2.04,11.05,0,0,0,0,0,0,0,0,1.96,0,0,0,3.1,850.0,0.0,-704.7831867955399,-4.39925665197776e+21,2.025932557419777e+22
69.66,0.02,15.27,2.04,11.05,0,0,0,0,0,0,0,0,1.96,0,0,0,5.7,850.0,0.0,-682.9355889621156,-4.262883946301526e+21,1.9631306055835047e+22
69.66,0.02,15.27,2.04,11.05,0,0,0,0,0,0,0,0,1.96,0,0,0,7.5,850.0,0.0,-716.42521096433,-4.4719261668393474e+21,2.0593981057468566e+22
69.66,0.02,15.27,2.04,11.05,0,0,0,0,0,0,0,0,1.96,0,0,0,8.8,850.0,0.0,-709.0533695128489,-4.425911132499203e+21,2.0382073993218115e+22
69.66,0.02,15.27,2.04,11.05,0,0,0,0,0,0,0,0,1.96,0,0,0,10.2,850.0,0.0,-709.0114493092342,-4.42564946658824e+21,2.038086897716626e+22
69.66,0.02,15.27,2.04,11.05,0,0,0,0,0,0,0,0,1.96,0,0,0,0.9,750.0,0.0,-698.2633265021216,-4.3585596840262427e+21,1.0035954555363665e+22
69.66,0.02,15.27,2.04,11.05,0,0,0,0,0,0,0,0,1.96,0,0,0,2.3,750.0,0.0,-707.152524843098,-4.414046060070618e+21,2.0327433315415407e+22
69.66,0.02,15.27,2.04,11.05,0,0,0,0,0,0,0,0,1.96,0,0,0,3.4,750.0,0.0,-693.524019953437,-4.328976932549354e+21,1.993567550560646e+22
69.66,0.02,15.27,2.04,11.05,0,0,0,0,0,0,0,0,1.96,0,0,0,4.2,750.0,0.0,-700.9451133729784,-4.375299397674131e+21,2.0148998340940562e+22
69.66,0.02,15.27,2.04,11.05,0,0,0,0,0,0,0,0,1.96,0,0,0,5.7,750.0,0.0,-687.2212172133018,-4.2896348378454295e+21,1.975449846402163e+22
66.48,0.016,22.39,5.7,1.43,0.39,0.178,3.19,0,0.022,0.001,0.2,0,0,0.001,0.002,0,1.2,750.0,0.5,-442.25910953271944,-2.7605813617032346e+21,1.2712946982910142e+22
66.48,0.016,22.39,5.7,1.43,0.39,0.178,3.19,0,0.022,0.001,0.2,0,0,0.001,0.002,0,2.5,750.0,1.0,-458.96143895638494,-2.864837301965755e+21,1.3193063330719256e+22
66.48,0.016,22.39,5.7,1.43,0.39,0.178,3.19,0,0.022,0.001,0.2,0,0,0.001,0.002,0,6.5,750.0,3.0,-428.65831755149,-2.6756852181564003e+21,1.2321985793742896e+22
66.48,0.016,22.39,5.7,1.43,0.39,0.178,3.19,0,0.022,0.001,0.2,0,0,0.001,0.002,0,9.1,750.0,5.0,-442.3013226750988,-2.7608448561379667e+21,1.2714160419625144e+22
66.48,0.016,22.39,5.7,1.43,0.39,0.178,3.19,0,0.022,0.001,0.2,0,0,0.001,0.002,0,12.9,750.0,10.0,-492.09469763686513,-3.071655102649312e+21,1.4145494500358803e+22
66.48,0.016,22.39,5.7,1.43,0.39,0.178,3.19,0,0.022,0.001,0.2,0,0,0.001,0.002,0,16.3,750.0,20.0,-413.4665316856174,-2.5808580907816237e+21,1.1885290733933678e+22
66.48,0.016,22.39,5.7,1.43,0.39,0.178,3.19,0,0.022,0.001,0.2,0,0,0.001,0.002,0,18.7,750.0,40.0,-431.2411899409978,-2.6918075076117083e+21,1.239623168047235e+22
66.48,0.016,22.39,5.7,1.43,0.39,0.178,3.19,0,0.022,0.001,0.2,0,0,0.001,0.002,0,19.2,750.0,50.0,-404.76486819018345,-2.526542307243125e+21,1.1635157306953603e+22
66.48,0.016,22.39,5.7,1.43,0.39,0.178,3.19,0,0.022,0.001,0.2,0,0,0.001,0.002,0,19.5,750.0,100.0,-381.98565360904337,-2.3843544498276485e+21,1.0980358025174323e+22
66.48,0.016,22.39,5.7,1.43,0.39,0.178,3.19,0,0.022,0.001,0.2,0,0,0.001,0.002,0,3.1,800.0,0.5,-489.9740255767427,-3.058417867650028e+21,1.4084534780395178e+22
66.48,0.016,22.39,5.7,1.43,0.39,0.178,3.19,0,0.022,0.001,0.2,0,0,0.001,0.002,0,5.7,800.0,1.0,-392.0492293084923,-2.447171289343609e+21,1.1269640261691224e+22
66.48,0.016,22.39,5.7,1.43,0.39,0.178,3.19,0,0.022,0.001,0.2,0,0,0.001,0.002,0,11.6,800.0,3.0,-480.9939214475286,-3.0023640576754734e+21,1.382639744588932e+22
66.48,0.016,22.39,5.7,1.43,0.39,0.178,3.19,0,0.022,0.001,0.2,0,0,0.001,0.002,0,14.0,800.0,5.0,-468.4307873949191,-2.923944974919085e+21,1.3465264223967066e+22
66.48,0.016,22.39,5.7,1.43,0.39,0.178,3.19,0,0.022,0.001,0.2,0,0,0.001,0.002,0,17.1,800.0,10.0,-422.979103063213,-2.6402355613205754e+21,1.2158734090979047e+22
66.48,0.016,22.39,5.7,1.43,0.39,0.178,3.19,0,0.022,0.001,0.2,0,0,0.001,0.002,0,19.0,800.0,20.0,-429.07407291423095,-2.6782803631306294e+21,1.2333936878006531e+22
66.48,0.016,22.39,5.7,1.43,0.39,0.178,3.19,0,0.022,0.001,0.2,0,0,0.001,0.002,0,19.0,800.0,40.0,-514.2143019045199,-3.209725672488013e+21,1.4781332972142374e+22
66.48,0.016,22.39,5.7,1.43,0.39,0.178,3.19,0,0.022,0.001,0.2,0,0,0.001,0.002,0,19.0,800.0,50.0,-472.33906663472317,-2.948340453933942e+21,1.3577609556599184e+22
66.48,0.016,22.39,5.7,1.43,0.39,0.178,3.19,0,0.022,0.001,0.2,0,0,0.001,0.002,0,19.0,800.0,100.0,-419.11998445387644,-2.6161469429610966e+21,1.204780190388833e+22
66.48,0.016,22.39,5.7,1.43,0.39,0.178,3.19,0,0.022,0.001,0.2,0,0,0.001,0.002,0,5.8,850.0,0.5,-376.65610931230646,-2.351087434327417e+21,1.0827157757215854e+22
66.48,0.016,22.39,5.7,1.43,0.39,0.178,3.19,0,0.022,0.001,0.2,0,0,0.001,0.002,0,9.1,850.0,1.0,-474.4330623670522,-2.9614111752951394e+21,1.3637802452921128e+22
66.48,0.016,22.39,5.7,1.43,0.39,0.178,3.19,0,0.022,0.001,0.2,0,0,0.001,0.002,0,15.0,850.0,3.0,-414.116449143376,-2.584914875552953e+21,1.1903972918213575e+22
66.48,0.016,22.39,5.7,1.43,0.39,0.178,3.19,0,0.022,0.001,0.2,0,0,0.001,0.002,0,17.0,850.0,5.0,-450.47110704660355,-2.8118406501848994e+21,1.2949004729980868e+22
66.48,0.016,22.39,5.7,1.43,0.39,0.178,3.19,0,0.022,0.001,0.2,0,0,0.001,0.002,0,18.8,850.0,10.0,-439.72620654120124,-2.744770981230178e+21,1.2640137490126493e+22
66.48,0.016,22.39,5.7,1.43,0.39,0.178,3.19,0,0.022,0.001,0.2,0,0,0.001,0.002,0,19.0,850.0,20.0,-422.1150061380396,-2.634841868313643e+21,1.2133895216751148e+22
66.48,0.016,22.39,5.7,1.43,0.39,0.178,3.19,0,0.022,0.001,0.2,0,0,0.001,0.002,0,19.0,850.0,40.0,-463.8533335886188,-2.8953725082601584e+21,1.3333683152369238e+22
66.48,0.016,22.39,5.7,1.43,0.39,0.178,3.19,0,0.022,0.001,0.2,0,0,0.001,0.002,0,19.0,850.0,50.0,-507.0657606156583,-3.165104477762939e+21,1.4575844776531294e+22
66.48,0.016,22.39,5.7,1.43,0.39,0.178,3.19,0,0.022,0.001,0.2,0,0,0.001,0.002,0,19.0,850.0,100.0,-427.6607064562384,-2.66945812969984e+21,1.2293308991637232e+22
61.03,0.03,26.03,6.67,0.94,0,0.4,4.93,1.3,0,0,0,0,0,0,0,0,1.0,963.64,0.05,-697.1019908724503,-4.3513106270258347e+21,2.003852596955252e+22
61.03,0.03,26.03,6.67,0.94,0,0.4,4.93,1.3,0,0,0,0,0,0,0,0,1.0,924.0,0.0337,-699.5016335300309,-4.3662891964944524e+21,2.010750483109815e+22
61.03,0.03,26.03,6.67,0.94,0,0.4,4.93,1.3,0,0,0,0,0,0,0,0,1.0,913.0,0.0337,-712.7606086335783,-4.4490517190907957e+21,2.0488640332675997e+22
61.03,0.03,26.03,6.67,0.94,0,0.4,4.93,1.3,0,0,0,0,0,0,0,0,1.0,936.0,0.0367,-706.7962926718893,-4.411822458857933e+21,2.0317193253405227e+22
61.03,0.03,26.03,6.67,0.94,0,0.4,4.93,1.3,0,0,0,0,0,0,0,0,1.0,908.47,0.0393,-699.3314844331688,-4.36522712583184e+21,2.0102613814947275e+22
61.03,0.03,26.03,6.67,0.94,0,0.4,4.93,1.3,0,0,0,0,0,0,0,0,1.0,893.13,0.045,-707.3131375981835,-4.4150486048878614e+21,2.0332050204917894e+22
61.03,0.03,26.03,6.67,0.94,0,0.4,4.93,1.3,0,0,0,0,0,0,0,0,1.0,866.74,0.0651,-708.3314494316438,-4.4214049073523206e+21,2.0361322059520346e+22
61.03,0.03,26.03,6.67,0.94,0,0.4,4.93,1.3,0,0,0,0,0,0,0,0,1.0,861.37,0.068,-720.4486871095494,-4.4970407049378073e+21,2.070963777955446e+22
61.03,0.03,26.03,6.67,0.94,0,0.4,4.93,1.3,0,0,0,0,0,0,0,0,1.0,753.8,0.179,-712.0713978943804,-4.4447496656567224e+21,2.0468828644462874e+22
61.03,0.03,26.03,6.67,0.94,0,0.4,4.93,1.3,0,0,0,0,0,0,0,0,1.0,1049.24,0.1843,-703.1165480913613,-4.3888534931862774e+21,2.0211417257491133e+22
61.03,0.03,26.03,6.67,0.94,0,0.4,4.93,1.3,0,0,0,0,0,0,0,0,1.0,755.37,0.197,-710.3644364557811,-4.4340948123569855e+21,2.0419761231710848e+22
61.03,0.03,26.03,6.67,0.94,0,0.4,4.93,1.3,0,0,0,0,0,0,0,0,1.0,727.85,0.2245,-720.5965350970741,-4.497963572075937e+21,2.07138877397846e+22
61.03,0.03,26.03,6.67,0.94,0,0.4,4.93,1.3,0,0,0,0,0,0,0,0,1.0,1046.31,0.2296,-693.7193520016831,-4.330196195194506e+21,1.9941290417588806e+22
61.03,0.03,26.03,6.67,0.94,0,0.4,4.93,1.3,0,0,0,0,0,0,0,0,1.0,753.69,0.164,-705.7701686159213,-4.4054173925005805e+21,2.028769683277707e+22
61.03,0.03,26.03,6.67,0.94,0,0.4,4.93,1.3,0,0,0,0,0,0,0,0,1.0,735.54,0.2266,-699.1849249126768,-4.3643123013049285e+21,2.0098400892310532e+22
61.03,0.03,26.03,6.67,0.94,0,0.4,4.93,1.3,0,0,0,0,0,0,0,0,5.0,985.82,0.2326,-705.4792691868025,-4.4036015982640214e+21,2.0279334791294977e+22
61.03,0.03,26.03,6.67,0.94,0,0.4,4.93,1.3,0,0,0,0,0,0,0,0,5.0,1010.02,0.2279,-707.237955002507,-4.4145793151256484e+21,2.032988904569636e+22
61.03,0.03,26.03,6.67,0.94,0,0.4,4.93,1.3,0,0,0,0,0,0,0,0,5.0,1028.17,0.21712,-689.4085767416274,-4.303288336021238e+21,1.9817375146755307e+22
61.03,0.03,26.03,6.67,0.94,0,0.4,4.93,1.3,0,0,0,0,0,0,0,0,5.0,1016.07,0.1924,-714.8700047394263,-4.4622185695834994e+21,2.0549275920008357e+22
61.03,0.03,26.03,6.67,0.94,0,0.4,4.93,1.3,0,0,0,0,0,0,0,0,5.0,1010.78,0.176,-710.0667122224959,-4.4322364176928195e+21,2.0411203008009632e+22
61.03,0.03,26.03,6.67,0.94,0,0.4,4.93,1.3,0,0,0,0,0,0,0,0,5.0,992.63,0.1494,-715.1425315648944,-4.463919682028071e+21,2.055710983232111e+22
61.03,0.03,26.03,6.67,0.94,0,0.4,4.93,1.3,0,0,0,0,0,0,0,0,5.0,967.67,0.1325,-719.4184171013418,-4.4906097595465754e+21,2.068002218157104e+22
61.03,0.03,26.03,6.67,0.94,0,0.4,4.93,1.3,0,0,0,0,0,0,0,0,5.0,951.04,0.1232,-694.3108232807059,-4.333888158918166e+21,1.9958292538856755e+22
61.03,0.03,26.03,6.67,0.94,0,0.4,4.93,1.3,0,0,0,0,0,0,0,0,5.0,938.94,0.118,-714.2579340159848,-4.458398024127777e+21,2.0531681657981453e+22
61.03,0.03,26.03,6.67,0.94,0,0.4,4.93,1.3,0,0,0,0,0,0,0,0,5.0,911.72,0.111,-690.3842835801845,-4.309378698107512e+21,1.984542230065689e+22
61.03,0.03,26.03,6.67,0.94,0,0.4,4.93,1.3,0,0,0,0,0,0,0,0,5.0,898.11,0.1114,-721.2867566985884,-4.502271935312589e+21,2.0733728485712436e+22
61.03,0.03,26.03,6.67,0.94,0,0.4,4.93,1.3,0,0,0,0,0,0,0,0,5.0,814.18,0.1414,-706.85473360972,-4.4121872471918725e+21,2.0318873165764877e+22
61.03,0.03,26.03,6.67,0.94,0,0.4,4.93,1.3,0,0,0,0,0,0,0,0,5.0,800.57,0.1511,-696.1821901100786,-4.3455692306671107e+21,2.0012085862215384e+22
61.03,0.03,26.03,6.67,0.94,0,0.4,4.93,1.3,0,0,0,0,0,0,0,0,5.0,889.04,0.119,-703.6871984650588,-4.392415492818897e+21,2.0227820872001774e+22
61.03,0.03,26.03,6.67,0.94,0,0.4,4.93,1.3,0,0,0,0,0,0,0,0,5.0,827.79,0.1333,-701.1100036479911,-4.3763286427707606e+21,2.0153738189773633e+22
61.03,0.03,26.03,6.67,0.94,0,0.4,4.93,1.3,0,0,0,0,0,0,0,0,5.0,814.18,0.1414,-699.2986779327401,-4.365022347656164e+21,2.010167077659791e+22
61.03,0.03,26.03,6.67,0.94,0,0.4,4.93,1.3,0,0,0,0,0,0,0,0,5.0,800.57,0.151,-705.2671550640332,-4.4022775819096954e+21,2.0273237470654274e+22
61.03,0.03,26.03,6.67,0.94,0,0.4,4.93,1.3,0,0,0,0,0,0,0,0,5.0,786.2,0.1823,-700.8947490330046,-4.374985023464015e+21,2.014755059420089e+22
61.03,0.03,26.03,6.67,0.94,0,0.4,4.93,1.3,0,0,0,0,0,0,0,0,5.0,786.96,0.189,-708.8745616100921,-4.4247950135701946e+21,2.037693407560223e+22
61.03,0.03,26.03,6.67,0.94,0,0.4,4.93,1.3,0,0,0,0,0,0,0,0,10.0,951.19,0.231,-717.8582953111885,-4.4808714793324385e+21,2.0635175743866098e+22
61.03,0.03,26.03,6.67,0.94,0,0.4,4.93,1.3,0,0,0,0,0,0,0,0,10.0,960.99,0.2294,-705.531767173561,-4.4039292906973676e+21,2.0280843870719198e+22
61.03,0.03,26.03,6.67,0.94,0,0.4,4.93,1.3,0,0,0,0,0,0,0,0,10.0,989.66,0.2247,-708.1627933034628,-4.4203521558002144e+21,2.0356473959459332e+22
61.03,0.03,26.03,6.67,0.94,0,0.4,4.93,1.3,0,0,0,0,0,0,0,0,10.0,1006.99,0.216,-700.5400108670792,-4.3727707478323086e+21,2.0137353478078196e+22
61.03,0.03,26.03,6.67,0.94,0,0.4,4.93,1.3,0,0,0,0,0,0,0,0,10.0,986.57,0.201,-712.4217065499491,-4.4469362922847826e+21,2.0478898432218304e+22
61.03,0.03,26.03,6.67,0.94,0,0.4,4.93,1.3,0,0,0,0,0,0,0,0,10.0,972.2,0.189,-707.4527359510381,-4.41591997780638e+21,2.0336063025503132e+22
61.03,0.03,26.03,6.67,0.94,0,0.4,4.93,1.3,0,0,0,0,0,0,0,0,10.0,970.65,0.17,-718.3344538126572,-4.4838436606986064e+21,2.0648863144880923e+22
61.03,0.03,26.03,6.67,0.94,0,0.4,4.93,1.3,0,0,0,0,0,0,0,0,10.0,942.68,0.158,-708.0077593813978,-4.419384434058685e+21,2.035201743614691e+22
61.03,0.03,26.03,6.67,0.94,0,0.4,4.93,1.3,0,0,0,0,0,0,0,0,10.0,929.84,0.155,-711.1571139107228,-4.439042705030732e+21,2.0442547119535453e+22
61.03,0.03,26.03,6.67,0.94,0,0.4,4.93,1.3,0,0,0,0,0,0,0,0,10.0,912.47,0.154,-704.9604000584796,-4.40036281716503e+21,2.026441965313896e+22
61.03,0.03,26.03,6.67,0.94,0,0.4,4.93,1.3,0,0,0,0,0,0,0,0,10.0,877.75,0.1515,-713.0662898789644,-4.450959781424496e+21,2.049742728444816e+22
61.03,0.03,26.03,6.67,0.94,0,0.4,4.93,1.3,0,0,0,0,0,0,0,0,10.0,850.6,0.156,-703.4884858853738,-4.391175128896504e+21,2.0222108785046593e+22
61.03,0.03,26.03,6.67,0.94,0,0.4,4.93,1.3,0,0,0,0,0,0,0,0,10.0,825.72,0.166,-703.0011685989485,-4.388133294394637e+21,2.0208100619487883e+22
61.03,0.03,26.03,6.67,0.94,0,0.4,4.93,1.3,0,0,0,0,0,0,0,0,10.0,837.78,0.16,-700.1845229397524,-4.3705517921899344e+21,2.0127134809709905e+22
61.03,0.03,26.03,6.67,0.94,0,0.4,4.93,1.3,0,0,0,0,0,0,0,0,10.0,827.31,0.1933,-711.1095327792749,-4.438745703608234e+21,2.0441179377439368e+22
61.03,0.03,26.03,6.67,0.94,0,0.4,4.93,1.3,0,0,0,0,0,0,0,0,10.0,824.31,0.2005,-712.3325661927266,-4.4463798781749997e+21,2.0476336050548867e+22
61.03,0.03,26.03,6.67,0.94,0,0.4,4.93,1.3,0,0,0,0,0,0,0,0,15.0,939.11,0.2306,-693.9928359466584,-4.331903281979042e+21,1.9949151842753845e+22
61.03,0.03,26.03,6.67,0.94,0,0.4,4.93,1.3,0,0,0,0,0,0,0,0,15.0,957.21,0.2243,-706.8449629417222,-4.41212625868223e+21,2.0318592303298586e+22
61.03,0.03,26.03,6.67,0.94,0,0.4,4.93,1.3,0,0,0,0,0,0,0,0,15.0,976.06,0.2205,-713.2936988699771,-4.4523792683463973e+21,2.05039642633003e+22
61.03,0.03,26.03,6.67,0.94,0,0.4,4.93,1.3,0,0,0,0,0,0,0,0,15.0,985.87,0.217,-711.6563140130058,-4.4421587120691825e+21,2.0456896862248254e+22
61.03,0.03,26.03,6.67,0.94,0,0.4,4.93,1.3,0,0,0,0,0,0,0,0,15.0,973.78,0.2125,-706.3488797033284,-4.409029707108176e+21,2.030433215631038e+22
61.03,0.03,26.03,6.67,0.94,0,0.4,4.93,1.3,0,0,0,0,0,0,0,0,15.0,954.14,0.207,-699.4427018141241,-4.3659213447237625e+21,2.0105810811090907e+22
61.03,0.03,26.03,6.67,0.94,0,0.4,4.93,1.3,0,0,0,0,0,0,0,0,15.0,906.57,0.2006,-709.7739959343807,-4.430409282622404e+21,2.040278874005758e+22
61.03,0.03,26.03,6.67,0.94,0,0.4,4.93,1.3,0,0,0,0,0,0,0,0,15.0,889.22,0.203,-705.4327028830311,-4.40331093139588e+21,2.027799622089976e+22
61.03,0.03,26.03,6.67,0.94,0,0.4,4.93,1.3,0,0,0,0,0,0,0,0,15.0,870.37,0.208,-712.5966006111547,-4.4480279810148275e+21,2.0483925844610286e+22
61.03,0.03,26.03,6.67,0.94,0,0.4,4.93,1.3,0,0,0,0,0,0,0,0,15.0,856.03,0.2102,-699.7138198431322,-4.3676136634608313e+21,2.0113604226884043e+22
61.03,0.03,26.03,6.67,0.94,0,0.4,4.93,1.3,0,0,0,0,0,0,0,0,15.0,846.98,0.212,-698.2397279570349,-4.358412381907812e+21,2.00712307594032e+22
61.03,0.03,26.03,6.67,0.94,0,0.4,4.93,1.3,0,0,0,0,0,0,0,0,15.0,822.1,0.2203,-704.1979608620893,-4.395603671701161e+21,2.024250297833797e+22
61.03,0.03,26.03,6.67,0.94,0,0.4,4.93,1.3,0,0,0,0,0,0,0,0,20.0,804.77,0.2301,-707.2790506898759,-4.4148358344062057e+21,2.0331070360639314e+22
61.03,0.03,26.03,6.67,0.94,0,0.4,4.93,1.3,0,0,0,0,0,0,0,0,20.0,927.79,0.2306,-712.4990983315355,-4.4474193717854444e+21,2.0481123095532215e+22
61.03,0.03,26.03,6.67,0.94,0,0.4,4.93,1.3,0,0,0,0,0,0,0,0,20.0,922.49,0.2264,-699.8129361226345,-4.3682323472774846e+21,2.011645337115105e+22
61.03,0.03,26.03,6.67,0.94,0,0.4,4.93,1.3,0,0,0,0,0,0,0,0,20.0,914.18,0.2221,-697.7673131029964,-4.355463568388903e+21,2.005765097130188e+22
61.03,0.03,26.03,6.67,0.94,0,0.4,4.93,1.3,0,0,0,0,0,0,0,0,20.0,902.85,0.2204,-715.5083691569673,-4.46620324027779e+21,2.0567626006690684e+22
61.03,0.03,26.03,6.67,0.94,0,0.4,4.93,1.3,0,0,0,0,0,0,0,0,20.0,888.52,0.2204,-704.5695404833883,-4.3979230716973097e+21,2.0253184210049616e+22
61.03,0.03,26.03,6.67,0.94,0,0.4,4.93,1.3,0,0,0,0,0,0,0,0,20.0,876.44,0.2212,-719.1591250108308,-4.488991258317606e+21,2.0672568707965402e+22
61.03,0.03,26.03,6.67,0.94,0,0.4,4.93,1.3,0,0,0,0,0,0,0,0,20.0,858.33,0.2225,-708.05552086705,-4.4196825612521256e+21,2.0353390362609773e+22
61.03,0.03,26.03,6.67,0.94,0,0.4,4.93,1.3,0,0,0,0,0,0,0,0,20.0,837.96,811.74,-697.4130550447173,-4.3532522895891256e+21,2.0047467656100236e+22
61.03,0.03,26.03,6.67,0.94,0,0.4,4.93,1.3,0,0,0,0,0,0,0,0,20.0,818.36,0.23,-706.3270652401508,-4.408893541229021e+21,2.0303705089263345e+22
66.904,0.016,22.2,5.7,1.6,0.44,0.16,2.98,0,0,0,0,0,0,0,0,0,5.0,700.0,1.0,-439.983979000476,-2.746379996920971e+21,1.264754728121452e+22
66.904,0.016,22.2,5.7,1.6,0.44,0.16,2.98,0,0,0,0,0,0,0,0,0,12.0,700.0,2.0,-464.44761957918945,-2.8990820414133004e+21,1.3350766183850023e+22
66.904,0.016,22.2,5.7,1.6,0.44,0.16,2.98,0,0,0,0,0,0,0,0,0,23.0,700.0,4.0,-437.0715689044122,-2.728200733101341e+21,1.2563828677469148e+22
66.904,0.016,22.2,5.7,1.6,0.44,0.16,2.98,0,0,0,0,0,0,0,0,0,35.0,700.0,7.5,-456.74255569021796,-2.8509870326183405e+21,1.3129280483252639e+22
66.904,0.016,22.2,5.7,1.6,0.44,0.16,2.98,0,0,0,0,0,0,0,0,0,43.0,700.0,9.0,-427.5356313624718,-2.668677410964549e+21,1.2289713648993829e+22
66.904,0.016,22.2,5.7,1.6,0.44,0.16,2.98,0,0,0,0,0,0,0,0,0,46.0,700.0,11.0,-375.60505224773476,-2.3445267361303605e+21,1.0796944625479503e+22
66.904,0.016,22.2,5.7,1.6,0.44,0.16,2.98,0,0,0,0,0,0,0,0,0,49.0,700.0,50.0,-474.5074659364799,-2.9618756023755074e+21,1.3639941218665205e+22
66.904,0.016,22.2,5.7,1.6,0.44,0.16,2.98,0,0,0,0,0,0,0,0,0,50.0,700.0,100.0,-434.69223495511096,-2.7133489305898026e+21,1.2495433599334828e+22
66.904,0.016,22.2,5.7,1.6,0.44,0.16,2.98,0,0,0,0,0,0,0,0,0,55.0,700.0,200.0,-495.0664588640435,-3.0902048362293593e+21,1.4230919180399657e+22
66.904,0.016,22.2,5.7,1.6,0.44,0.16,2.98,0,0,0,0,0,0,0,0,0,55.0,700.0,400.0,-418.51878074331415,-2.612394229399767e+21,1.203052001927914e+22
66.904,0.016,22.2,5.7,1.6,0.44,0.16,2.98,0,0,0,0,0,0,0,0,0,4.0,750.0,0.3,-451.28307307816254,-2.8169089421538907e+21,1.2972345077050349e+22
66.904,0.016,22.2,5.7,1.6,0.44,0.16,2.98,0,0,0,0,0,0,0,0,0,16.0,750.0,0.7,-534.1730229746898,-3.334308009408014e+21,1.5355055835827086e+22
66.904,0.016,22.2,5.7,1.6,0.44,0.16,2.98,0,0,0,0,0,0,0,0,0,27.0,750.0,1.0,-450.99352904937956,-2.815101608326227e+21,1.2964021997191064e+22
66.904,0.016,22.2,5.7,1.6,0.44,0.16,2.98,0,0,0,0,0,0,0,0,0,41.0,750.0,2.0,-334.9167758850761,-2.090550515074645e+21,9.627340904323804e+21
66.904,0.016,22.2,5.7,1.6,0.44,0.16,2.98,0,0,0,0,0,0,0,0,0,45.0,750.0,4.0,-454.4992165759824,-2.836984109867282e+21,1.306479464088277e+22
66.904,0.016,22.2,5.7,1.6,0.44,0.16,2.98,0,0,0,0,0,0,0,0,0,48.0,750.0,8.0,-446.0810469294652,-2.7844378949337214e+21,1.2822810378484213e+22
66.904,0.016,22.2,5.7,1.6,0.44,0.16,2.98,0,0,0,0,0,0,0,0,0,48.0,750.0,10.0,-479.93210738755295,-2.9957362143131054e+21,1.3795875099239543e+22
66.904,0.016,22.2,5.7,1.6,0.44,0.16,2.98,0,0,0,0,0,0,0,0,0,50.0,750.0,50.0,-479.68598040182655,-2.994199889668201e+21,1.3788800062788832e+22
66.904,0.016,22.2,5.7,1.6,0.44,0.16,2.98,0,0,0,0,0,0,0,0,0,47.0,750.0,100.0,-481.73338969755116,-3.0069798184921145e+21,1.3847653809987766e+22
66.904,0.016,22.2,5.7,1.6,0.44,0.16,2.98,0,0,0,0,0,0,0,0,0,45.0,750.0,200.0,-441.26252700412897,-2.754360693559773e+21,1.2684299747438946e+22
66.904,0.016,22.2,5.7,1.6,0.44,0.16,2.98,0,0,0,0,0,0,0,0,0,2.0,800.0,0.2,-392.3015590249264,-2.4487463314335906e+21,1.1276893598565683e+22
66.904,0.016,22.2,5.7,1.6,0.44,0.16,2.98,0,0,0,0,0,0,0,0,0,25.0,800.0,0.3,-416.361992961082,-2.598931560063074e+21,1.1968522135825986e+22
66.904,0.016,22.2,5.7,1.6,0.44,0.16,2.98,0,0,0,0,0,0,0,0,0,38.0,800.0,0.7,-396.78786604626174,-2.476749859860766e+21,1.1405854612780982e+22
66.904,0.016,22.2,5.7,1.6,0.44,0.16,2.98,0,0,0,0,0,0,0,0,0,45.0,800.0,1.0,-443.80045392029245,-2.7702024333704655e+21,1.2757253655309329e+22
66.904,0.016,22.2,5.7,1.6,0.44,0.16,2.98,0,0,0,0,0,0,0,0,0,48.0,800.0,2.0,-433.34013847258825,-2.704909144345896e+21,1.2456566947348279e+22
66.904,0.016,22.2,5.7,1.6,0.44,0.16,2.98,0,0,0,0,0,0,0,0,0,49.0,800.0,4.0,-502.81670669322364,-3.138581883179102e+21,1.4453703714698758e+22
66.904,0.016,22.2,5.7,1.6,0.44,0.16,2.98,0,0,0,0,0,0,0,0,0,50.0,800.0,8.0,-406.9407558520061,-2.540124198028222e+21,1.1697704225466476e+22
66.904,0.016,22.2,5.7,1.6,0.44,0.16,2.98,0,0,0,0,0,0,0,0,0,50.0,800.0,9.0,-453.7823939112224,-2.83250970279385e+21,1.3044189234828228e+22
66.904,0.016,22.2,5.7,1.6,0.44,0.16,2.98,0,0,0,0,0,0,0,0,0,51.0,800.0,10.0,-462.56869426602054,-2.8873537896085004e+21,1.3296755588304797e+22
66.904,0.016,22.2,5.7,1.6,0.44,0.16,2.98,0,0,0,0,0,0,0,0,0,54.0,800.0,25.0,-479.06321913794966,-2.990312613859082e+21,1.3770898496127962e+22
66.904,0.016,22.2,5.7,1.6,0.44,0.16,2.98,0,0,0,0,0,0,0,0,0,55.0,800.0,50.0,-494.96454615539625,-3.0895686971019834e+21,1.4227989651456124e+22
66.904,0.016,22.2,5.7,1.6,0.44,0.16,2.98,0,0,0,0,0,0,0,0,0,56.0,800.0,100.0,-461.8480518266765,-2.882855539502115e+21,1.3276040381025753e+22
66.904,0.016,22.2,5.7,1.6,0.44,0.16,2.98,0,0,0,0,0,0,0,0,0,54.0,800.0,200.0,-415.63836823251194,-2.5944146945073396e+21,1.19477212012346e+22
66.904,0.016,22.2,5.7,1.6,0.44,0.16,2.98,0,0,0,0,0,0,0,0,0,55.0,800.0,400.0,-446.86578126440327,-2.789336206652405e+21,1.2845367937572773e+22
66.904,0.016,22.2,5.7,1.6,0.44,0.16,2.98,0,0,0,0,0,0,0,0,0,7.0,850.0,0.09,-406.9067106301961,-2.5399116877536837e+21,1.1696725579485957e+22
66.904,0.016,22.2,5.7,1.6,0.44,0.16,2.98,0,0,0,0,0,0,0,0,0,13.0,850.0,0.15,-430.29507778532775,-2.6859018755360157e+21,1.2369035239707954e+22
66.904,0.016,22.2,5.7,1.6,0.44,0.16,2.98,0,0,0,0,0,0,0,0,0,25.0,850.0,0.3,-439.41121205938816,-2.742804785674701e+21,1.2631082824974589e+22
66.904,0.016,22.2,5.7,1.6,0.44,0.16,2.98,0,0,0,0,0,0,0,0,0,39.0,850.0,1.0,-467.536520482351,-2.918362960850835e+21,1.3439558099202197e+22
66.904,0.016,22.2,5.7,1.6,0.44,0.16,2.98,0,0,0,0,0,0,0,0,0,42.0,850.0,2.0,-439.737207435674,-2.744839648813477e+21,1.2640453716033845e+22
66.904,0.016,22.2,5.7,1.6,0.44,0.16,2.98,0,0,0,0,0,0,0,0,0,44.0,850.0,3.0,-388.225785672467,-2.423305354167539e+21,1.1159733568557663e+22
66.904,0.016,22.2,5.7,1.6,0.44,0.16,2.98,0,0,0,0,0,0,0,0,0,43.0,850.0,4.0,-459.9152266429536,-2.8707908447053163e+21,1.322048040824449e+22
66.904,0.016,22.2,5.7,1.6,0.44,0.16,2.98,0,0,0,0,0,0,0,0,0,45.0,850.0,5.0,-481.60798865061975,-3.0061970651571683e+21,1.384404909766669e+22
66.904,0.016,22.2,5.7,1.6,0.44,0.16,2.98,0,0,0,0,0,0,0,0,0,44.0,850.0,10.0,-406.927741600488,-2.540042963070246e+21,1.1697330124659947e+22
66.904,0.016,22.2,5.7,1.6,0.44,0.16,2.98,0,0,0,0,0,0,0,0,0,47.0,850.0,23.0,-439.43611751499947,-2.7429602455286265e+21,1.2631798744059004e+22
66.904,0.016,22.2,5.7,1.6,0.44,0.16,2.98,0,0,0,0,0,0,0,0,0,47.0,850.0,45.0,-474.12591837604555,-2.9594939825032764e+21,1.362897345383525e+22
66.904,0.016,22.2,5.7,1.6,0.44,0.16,2.98,0,0,0,0,0,0,0,0,0,51.0,850.0,100.0,-472.9131685850742,-2.951923998308033e+21,1.3594112388310912e+22
66.904,0.016,22.2,5.7,1.6,0.44,0.16,2.98,0,0,0,0,0,0,0,0,0,53.0,850.0,200.0,-461.66721076949096,-2.8817267296231626e+21,1.3270842019425552e+22
66.904,0.016,22.2,5.7,1.6,0.44,0.16,2.98,0,0,0,0,0,0,0,0,0,2.0,900.0,0.15,-479.53538944341835,-2.9932599009058174e+21,1.3784471254565137e+22
66.904,0.016,22.2,5.7,1.6,0.44,0.16,2.98,0,0,0,0,0,0,0,0,0,17.0,900.0,0.7,-435.8417131587866,-2.720523973537146e+21,1.2528475893199119e+22
66.904,0.016,22.2,5.7,1.6,0.44,0.16,2.98,0,0,0,0,0,0,0,0,0,32.0,900.0,2.0,-415.44582942624214,-2.5932128672786033e+21,1.1942186582312116e+22
66.904,0.016,22.2,5.7,1.6,0.44,0.16,2.98,0,0,0,0,0,0,0,0,0,40.0,900.0,4.0,-474.1857171833316,-2.9598672466583555e+21,1.3630692398793717e+22
66.904,0.016,22.2,5.7,1.6,0.44,0.16,2.98,0,0,0,0,0,0,0,0,0,38.0,900.0,8.0,-337.81566987201575,-2.1086454113411224e+21,9.710670981128731e+21
66.904,0.016,22.2,5.7,1.6,0.44,0.16,2.98,0,0,0,0,0,0,0,0,0,41.0,900.0,10.0,-540.0836120016064,-3.3712019061140273e+21,1.5524958508982542e+22
66.904,0.016,22.2,5.7,1.6,0.44,0.16,2.98,0,0,0,0,0,0,0,0,0,42.0,900.0,23.0,-523.6022134914306,-3.2683250166135097e+21,1.5051192924627567e+22
66.904,0.016,22.2,5.7,1.6,0.44,0.16,2.98,0,0,0,0,0,0,0,0,0,40.0,900.0,40.0,-456.85628542919574,-2.85169693364904e+21,1.3132549698314217e+22
66.904,0.016,22.2,5.7,1.6,0.44,0.16,2.98,0,0,0,0,0,0,0,0,0,40.0,900.0,200.0,-454.77182469757366,-2.838685729762255e+21,1.3072630890090983e+22
69.66,0.02,15.27,2.04,11.05,0,0,0,0,0,0,0,0,1.96,0,0,0,10.92,850.0,660.97,-693.1912323934861,-4.32689967260014e+21,1.99261093700198e+22
69.66,0.02,15.27,2.04,11.05,0,0,0,0,0,0,0,0,1.96,0,0,0,11.44,850.0,816.38,-702.716066426013,-4.386353686631173e+21,2.019990522287283e+22
69.66,0.02,15.27,2.04,11.05,0,0,0,0,0,0,0,0,1.96,0,0,0,11.5,850.0,902.91,-712.0754344933971,-4.4447748621077845e+21,2.04689446784081e+22
69.66,0.02,15.27,2.04,11.05,0,0,0,0,0,0,0,0,1.96,0,0,0,11.5,850.0,1036.04,-683.2269930478567,-4.2647028906047213e+21,1.9639682603910095e+22
69.66,0.02,15.27,2.04,11.05,0,0,0,0,0,0,0,0,1.96,0,0,0,11.48,850.0,1133.66,-689.6214735008084,-4.3046172375920463e+21,1.9823494964649304e+22
69.66,0.02,15.27,2.04,11.05,0,0,0,0,0,0,0,0,1.96,0,0,0,11.5,850.0,1204.66,-692.8662651573076,-4.324871227111914e+21,1.9916768033333515e+22
69.66,0.02,15.27,2.04,11.05,0,0,0,0,0,0,0,0,1.96,0,0,0,10.53,850.0,1304.5,-702.8214413701435,-4.3870114370324356e+21,2.0202934275410544e+22
69.66,0.02,15.27,2.04,11.05,0,0,0,0,0,0,0,0,1.96,0,0,0,10.04,850.0,605.43,-711.4480439593091,-4.4408586903940073e+21,2.04509100411886e+22
69.66,0.02,15.27,2.04,11.05,0,0,0,0,0,0,0,0,1.96,0,0,0,9.46,850.0,560.97,-718.1892557041361,-4.482937334105218e+21,2.0644689356674283e+22
69.66,0.02,15.27,2.04,11.05,0,0,0,0,0,0,0,0,1.96,0,0,0,8.74,850.0,518.71,-704.1683480616183,-4.3954188286006217e+21,2.024165174440228e+22
69.66,0.02,15.27,2.04,11.05,0,0,0,0,0,0,0,0,1.96,0,0,0,8.09,850.0,483.07,-710.4905749786161,-4.4348821690165216e+21,2.0423387143125082e+22
69.66,0.02,15.27,2.04,11.05,0,0,0,0,0,0,0,0,1.96,0,0,0,7.28,850.0,451.89,-690.1906775110288,-4.3081702090238413e+21,1.9839857002758676e+22
69.66,0.02,15.27,2.04,11.05,0,0,0,0,0,0,0,0,1.96,0,0,0,4.84,850.0,414.02,-698.5755143126079,-4.3605083603392985e+21,2.008088309678635e+22
69.66,0.02,15.27,2.04,11.05,0,0,0,0,0,0,0,0,1.96,0,0,0,3.62,850.0,322.61,-717.5940142960069,-4.479221837235675e+21,2.062757886126453e+22
69.66,0.02,15.27,2.04,11.05,0,0,0,0,0,0,0,0,1.96,0,0,0,4.848,850.0,278.01,-695.4920323706751,-4.341261266057754e+21,1.9992246952034084e+22
69.66,0.02,15.27,2.04,11.05,0,0,0,0,0,0,0,0,1.96,0,0,0,2.68,850.0,240.12,-715.1070910366323,-4.4636984622506584e+21,2.055609107759762e+22
69.66,0.02,15.27,2.04,11.05,0,0,0,0,0,0,0,0,1.96,0,0,0,1.77,850.0,193.35,-706.7568005475556,-4.411575949017842e+21,2.0316058033639083e+22
69.66,0.02,15.27,2.04,11.05,0,0,0,0,0,0,0,0,1.96,0,0,0,0.78,850.0,135.49,-703.6067183703481,-4.3919131360677126e+21,6.649917478621133e+21
69.66,0.02,15.27,2.04,11.05,0,0,0,0,0,0,0,0,1.96,0,0,0,0.37,850.0,104.35,-691.6410803083334,-4.3172236232846166e+21,1.994710400965428e+21
69.66,0.02,15.27,2.04,11.05,0,0,0,0,0,0,0,0,1.96,0,0,0,0.13,850.0,66.59,-704.9528871469723,-4.400315921571401e+21,6.127970921585823e+20
69.66,0.02,15.27,2.04,11.05,0,0,0,0,0,0,0,0,1.96,0,0,0,0.0,850.0,35.5,-700.0838927038701,-4.369923658257557e+21,-0.0
69.66,0.02,15.27,2.04,11.05,0,0,0,0,0,0,0,0,1.96,0,0,0,10.49,900.0,1344.25,-710.9180980633108,-4.437550768111186e+21,2.0435676496114188e+22
69.66,0.02,15.27,2.04,11.05,0,0,0,0,0,0,0,0,1.96,0,0,0,10.54,900.0,1202.27,-705.7543233592645,-4.405318486408529e+21,2.028724135339074e+22
69.66,0.02,15.27,2.04,11.05,0,0,0,0,0,0,0,0,1.96,0,0,0,10.54,900.0,1100.21,-692.7565836730267,-4.3241865952870327e+21,1.9913615187265194e+22
69.66,0.02,15.27,2.04,11.05,0,0,0,0,0,0,0,0,1.96,0,0,0,10.51,900.0,1042.51,-704.314259379814,-4.396329607048799e+21,2.0245846034157868e+22
69.66,0.02,15.27,2.04,11.05,0,0,0,0,0,0,0,0,1.96,0,0,0,10.54,900.0,984.83,-703.7745669471808,-4.392960846884303e+21,2.0230332320284586e+22
69.66,0.02,15.27,2.04,11.05,0,0,0,0,0,0,0,0,1.96,0,0,0,10.41,900.0,907.15,-694.6557065872869,-4.3360409205178447e+21,1.9968206372393135e+22
69.66,0.02,15.27,2.04,11.05,0,0,0,0,0,0,0,0,1.96,0,0,0,10.35,900.0,85.02,-712.0323488756766,-4.4445059216819733e+21,2.0467706161977346e+22
69.66,0.02,15.27,2.04,11.05,0,0,0,0,0,0,0,0,1.96,0,0,0,10.12,900.0,760.67,-708.906333116627,-4.424993331313986e+21,2.037784736256329e+22
69.66,0.02,15.27,2.04,11.05,0,0,0,0,0,0,0,0,1.96,0,0,0,9.83,900.0,700.71,-695.5692833390278,-4.341743466602212e+21,1.9994467567605085e+22
69.66,0.02,15.27,2.04,11.05,0,0,0,0,0,0,0,0,1.96,0,0,0,9.41,900.0,640.73,-681.9414616287386,-4.256678603486586e+21,1.960272939610985e+22
69.66,0.02,15.27,2.04,11.05,0,0,0,0,0,0,0,0,1.96,0,0,0,8.95,900.0,594.05,-698.5514597055583,-4.3603582114820947e+21,2.0080191635745696e+22
69.66,0.02,15.27,2.04,11.05,0,0,0,0,0,0,0,0,1.96,0,0,0,8.24,900.0,558.42,-693.4875235371521,-4.328749121918904e+21,1.9934626398883065e+22
69.66,0.02,15.27,2.04,11.05,0,0,0,0,0,0,0,0,1.96,0,0,0,7.54,900.0,513.91,-711.6369294668029,-4.442037713731784e+21,2.0456339644312313e+22
69.66,0.02,15.27,2.04,11.05,0,0,0,0,0,0,0,0,1.96,0,0,0,6.76,900.0,473.83,-706.1886771361518,-4.4080297226838595e+21,2.0299727057853063e+22
69.66,0.02,15.27,2.04,11.05,0,0,0,0,0,0,0,0,1.96,0,0,0,6.19,900.0,440.45,-705.6498465020404,-4.4046663418657364e+21,2.0284238116785316e+22
69.66,0.02,15.27,2.04,11.05,0,0,0,0,0,0,0,0,1.96,0,0,0,5.49,900.0,409.26,-690.7337532544979,-4.3115600878145755e+21,1.9855467971499876e+22
69.66,0.02,15.27,2.04,11.05,0,0,0,0,0,0,0,0,1.96,0,0,0,4.63,900.0,371.38,-699.7999702237676,-4.368151414136757e+21,2.011608066026431e+22
69.66,0.02,15.27,2.04,11.05,0,0,0,0,0,0,0,0,1.96,0,0,0,3.41,900.0,311.25,-708.9404914072285,-4.4252065473639203e+21,2.037882925875962e+22
69.66,0.02,15.27,2.04,11.05,0,0,0,0,0,0,0,0,1.96,0,0,0,2.39,900.0,246.72,-699.6085295133213,-4.3669564412221514e+21,2.0110577606624908e+22
69.66,0.02,15.27,2.04,11.05,0,0,0,0,0,0,0,0,1.96,0,0,0,1.12,900.0,182.14,-684.5654343992949,-4.2730574415203984e+21,1.967815673270429e+22
69.66,0.02,15.27,2.04,11.05,0,0,0,0,0,0,0,0,1.96,0,0,0,0.6,900.0,146.55,-695.7539599034827,-4.3428962177175393e+21,3.9793555537859036e+21
69.66,0.02,15.27,2.04,11.05,0,0,0,0,0,0,0,0,1.96,0,0,0,0.26,900.0,108.76,-701.0468845008351,-4.3759346530542126e+21,1.3176162097242665e+21
69.66,0.02,15.27,2.04,11.05,0,0,0,0,0,0,0,0,1.96,0,0,0,0.05,900.0,71.01,-698.1723771645633,-4.357991978261204e+21,2.2353576547953587e+20
69.66,0.02,15.27,2.04,11.05,0,0,0,0,0,0,0,0,1.96,0,0,0,0.03,900.0,48.82,-711.7810409396787,-4.4429372575454745e+21,1.353283477691197e+20
69.66,0.02,15.27,2.04,11.05,0,0,0,0,0,0,0,0,1.96,0,0,0,9.43,750.0,1321.87,-718.7824749525879,-4.4866402086540537e+21,2.0661741724149035e+22
69.66,0.02,15.27,2.04,11.05,0,0,0,0,0,0,0,0,1.96,0,0,0,9.43,750.0,1268.62,-702.6458460461168,-4.385915371019861e+21,2.0197886704887563e+22
69.66,0.02,15.27,2.04,11.05,0,0,0,0,0,0,0,0,1.96,0,0,0,9.45,750.0,1206.5,-698.3548463089309,-4.3591309506603463e+21,2.007453989079895e+22
69.66,0.02,15.27,2.04,11.05,0,0,0,0,0,0,0,0,1.96,0,0,0,9.27,750.0,1144.34,-701.1545098270097,-4.3766064503401947e+21,2.0155017540909834e+22
69.66,0.02,15.27,2.04,11.05,0,0,0,0,0,0,0,0,1.96,0,0,0,9.11,750.0,1077.75,-706.218388449922,-4.408215180704413e+21,2.0300581123600067e+22
69.66,0.02,15.27,2.04,11.05,0,0,0,0,0,0,0,0,1.96,0,0,0,8.82,750.0,997.83,-682.8706799736085,-4.262478784395264e+21,1.962944021630383e+22
69.66,0.02,15.27,2.04,11.05,0,0,0,0,0,0,0,0,1.96,0,0,0,8.61,750.0,948.98,-701.3217489985238,-4.377650357248786e+21,2.0159824909882223e+22
69.66,0.02,15.27,2.04,11.05,0,0,0,0,0,0,0,0,1.96,0,0,0,8.28,75.0,889.01,-687.8298202891242,-4.2934337382447133e+21,1.977199304687995e+22
69.66,0.02,15.27,2.04,11.05,0,0,0,0,0,0,0,0,1.96,0,0,0,7.96,750.0,842.36,-696.4963471719726,-4.3475301990474533e+21,2.0021116455336202e+22
69.66,0.02,15.27,2.04,11.05,0,0,0,0,0,0,0,0,1.96,0,0,0,7.44,750.0,780.14,-707.590315946643,-4.416778752138946e+21,2.0340017827455955e+22
69.66,0.02,15.27,2.04,11.05,0,0,0,0,0,0,0,0,1.96,0,0,0,7.0,750.0,735.68,-695.8029835560137,-4.3432022233566376e+21,2.0001185390719175e+22
69.66,0.02,15.27,2.04,11.05,0,0,0,0,0,0,0,0,1.96,0,0,0,6.48,750.0,691.21,-702.7553461973753,-4.3865988709640165e+21,2.020103433845251e+22
69.66,0.02,15.27,2.04,11.05,0,0,0,0,0,0,0,0,1.96,0,0,0,6.09,750.0,653.42,-705.8322281920123,-4.4058047683745405e+21,2.02894807646026e+22
69.66,0.02,15.27,2.04,11.05,0,0,0,0,0,0,0,0,1.96,0,0,0,5.57,750.0,611.17,-704.2364822322431,-4.3958441220936617e+21,2.0243610293316723e+22
69.66,0.02,15.27,2.04,11.05,0,0,0,0,0,0,0,0,1.96,0,0,0,5.21,750.0,577.82,-718.6233625141069,-4.4856470288130554e+21,2.0657167961955945e+22
69.66,0.02,15.27,2.04,11.05,0,0,0,0,0,0,0,0,1.96,0,0,0,5.02,750.0,540.07,-701.4489925206485,-4.378444611313888e+21,2.0163482585022933e+22
69.66,0.02,15.27,2.04,11.05,0,0,0,0,0,0,0,0,1.96,0,0,0,4.58,750.0,531.012,-695.9512790347571,-4.3441278837349543e+21,2.000544821429575e+22
69.66,0.02,15.27,2.04,11.05,0,0,0,0,0,0,0,0,1.96,0,0,0,3.9,750.0,482.18,-701.068695389185,-4.376070796619293e+21,2.0152550764364322e+22
69.66,0.02,15.27,2.04,11.05,0,0,0,0,0,0,0,0,1.96,0,0,0,3.41,750.0,455.46,-706.3325088505078,-4.4089275202448696e+21,2.030386156841408e+22
69.66,0.02,15.27,2.04,11.05,0,0,0,0,0,0,0,0,1.96,0,0,0,3.02,750.0,422.11,-697.934773158152,-4.3565088540531847e+21,2.006246468967887e+22
69.66,0.02,15.27,2.04,11.05,0,0,0,0,0,0,0,0,1.96,0,0,0,2.66,750.0,395.42,-706.4888135283566,-4.409903174044002e+21,2.0308354620201686e+22
69.66,0.02,15.27,2.04,11.05,0,0,0,0,0,0,0,0,1.96,0,0,0,2.21,750.0,362.06,-710.9767274941543,-4.4379167330185107e+21,2.0437361826794515e+22
69.66,0.02,15.27,2.04,11.05,0,0,0,0,0,0,0,0,1.96,0,0,0,1.9,750.0,333.016,-694.6485016326114,-4.3359959471907605e+21,1.9967999262568082e+22
69.66,0.02,15.27,2.04,11.05,0,0,0,0,0,0,0,0,1.96,0,0,0,1.56,750.0,2299.81,-711.6111329643111,-4.44187669196323e+21,2.0455598111664474e+22
69.66,0.02,15.27,2.04,11.05,0,0,0,0,0,0,0,0,1.96,0,0,0,1.22,750.0,268.68,-706.9831984722164,-4.4129891248635747e+21,2.032256594891141e+22
69.66,0.02,15.27,2.04,11.05,0,0,0,0,0,0,0,0,1.96,0,0,0,0.84,750.0,228.68,-697.4806954308697,-4.3536745008794886e+21,7.978463189505426e+21
69.66,0.02,15.27,2.04,11.05,0,0,0,0,0,0,0,0,1.96,0,0,0,0.57,750.0,193.13,-702.3928997169886,-4.384336480033443e+21,3.700248767248692e+21
69.66,0.02,15.27,2.04,11.05,0,0,0,0,0,0,0,0,1.96,0,0,0,0.31,750.0,157.59,-694.5956618380229,-4.335666121192939e+21,1.6088082322113613e+21
69.66,0.02,15.27,2.04,11.05,0,0,0,0,0,0,0,0,1.96,0,0,0,0.18,750.0,122.06,-699.3711433044147,-4.3654746765061563e+21,8.663325475277906e+20
69.66,0.02,15.27,2.04,11.05,0,0,0,0,0,0,0,0,1.96,0,0,0,0.05,750.0,93.2,-701.0798455370794,-4.3761403958424497e+21,2.244666576051989e+20
69.66,0.02,15.27,2.04,11.05,0,0,0,0,0,0,0,0,1.96,0,0,0,0.05,750.0,59.91,-707.8479918221882,-4.4183871649540987e+21,2.266336335701656e+20
